
SET statement_timeout = 0;
SET lock_timeout = 0;
SET idle_in_transaction_session_timeout = 0;
SET transaction_timeout = 0;
SET client_encoding = 'UTF8';
SET standard_conforming_strings = on;
SELECT pg_catalog.set_config('search_path', '', false);
SET check_function_bodies = false;
SET xmloption = content;
SET client_min_messages = warning;
SET row_security = off;

SET default_tablespace = '';

SET default_table_access_method = heap;

--
-- Name: account_emailaddress; Type: TABLE; Schema: public; Owner: admin
--

CREATE TABLE public.account_emailaddress (
    id integer NOT NULL,
    email character varying(254) NOT NULL,
    verified boolean NOT NULL,
    "primary" boolean NOT NULL,
    user_id integer NOT NULL
);


ALTER TABLE public.account_emailaddress OWNER TO admin;

--
-- Name: account_emailaddress_id_seq; Type: SEQUENCE; Schema: public; Owner: admin
--

ALTER TABLE public.account_emailaddress ALTER COLUMN id ADD GENERATED BY DEFAULT AS IDENTITY (
    SEQUENCE NAME public.account_emailaddress_id_seq
    START WITH 1
    INCREMENT BY 1
    NO MINVALUE
    NO MAXVALUE
    CACHE 1
);


--
-- Name: account_emailconfirmation; Type: TABLE; Schema: public; Owner: admin
--

CREATE TABLE public.account_emailconfirmation (
    id integer NOT NULL,
    created timestamp with time zone NOT NULL,
    sent timestamp with time zone,
    key character varying(64) NOT NULL,
    email_address_id integer NOT NULL
);


ALTER TABLE public.account_emailconfirmation OWNER TO admin;

--
-- Name: account_emailconfirmation_id_seq; Type: SEQUENCE; Schema: public; Owner: admin
--

ALTER TABLE public.account_emailconfirmation ALTER COLUMN id ADD GENERATED BY DEFAULT AS IDENTITY (
    SEQUENCE NAME public.account_emailconfirmation_id_seq
    START WITH 1
    INCREMENT BY 1
    NO MINVALUE
    NO MAXVALUE
    CACHE 1
);


--
-- Name: auth_group; Type: TABLE; Schema: public; Owner: admin
--

CREATE TABLE public.auth_group (
    id integer NOT NULL,
    name character varying(150) NOT NULL
);


ALTER TABLE public.auth_group OWNER TO admin;

--
-- Name: auth_group_id_seq; Type: SEQUENCE; Schema: public; Owner: admin
--

ALTER TABLE public.auth_group ALTER COLUMN id ADD GENERATED BY DEFAULT AS IDENTITY (
    SEQUENCE NAME public.auth_group_id_seq
    START WITH 1
    INCREMENT BY 1
    NO MINVALUE
    NO MAXVALUE
    CACHE 1
);


--
-- Name: auth_group_permissions; Type: TABLE; Schema: public; Owner: admin
--

CREATE TABLE public.auth_group_permissions (
    id bigint NOT NULL,
    group_id integer NOT NULL,
    permission_id integer NOT NULL
);


ALTER TABLE public.auth_group_permissions OWNER TO admin;

--
-- Name: auth_group_permissions_id_seq; Type: SEQUENCE; Schema: public; Owner: admin
--

ALTER TABLE public.auth_group_permissions ALTER COLUMN id ADD GENERATED BY DEFAULT AS IDENTITY (
    SEQUENCE NAME public.auth_group_permissions_id_seq
    START WITH 1
    INCREMENT BY 1
    NO MINVALUE
    NO MAXVALUE
    CACHE 1
);


--
-- Name: auth_permission; Type: TABLE; Schema: public; Owner: admin
--

CREATE TABLE public.auth_permission (
    id integer NOT NULL,
    name character varying(255) NOT NULL,
    content_type_id integer NOT NULL,
    codename character varying(100) NOT NULL
);


ALTER TABLE public.auth_permission OWNER TO admin;

--
-- Name: auth_permission_id_seq; Type: SEQUENCE; Schema: public; Owner: admin
--

ALTER TABLE public.auth_permission ALTER COLUMN id ADD GENERATED BY DEFAULT AS IDENTITY (
    SEQUENCE NAME public.auth_permission_id_seq
    START WITH 1
    INCREMENT BY 1
    NO MINVALUE
    NO MAXVALUE
    CACHE 1
);


--
-- Name: django_admin_log; Type: TABLE; Schema: public; Owner: admin
--

CREATE TABLE public.django_admin_log (
    id integer NOT NULL,
    action_time timestamp with time zone NOT NULL,
    object_id text,
    object_repr character varying(200) NOT NULL,
    action_flag smallint NOT NULL,
    change_message text NOT NULL,
    content_type_id integer,
    user_id integer NOT NULL,
    CONSTRAINT django_admin_log_action_flag_check CHECK ((action_flag >= 0))
);


ALTER TABLE public.django_admin_log OWNER TO admin;

--
-- Name: django_admin_log_id_seq; Type: SEQUENCE; Schema: public; Owner: admin
--

ALTER TABLE public.django_admin_log ALTER COLUMN id ADD GENERATED BY DEFAULT AS IDENTITY (
    SEQUENCE NAME public.django_admin_log_id_seq
    START WITH 1
    INCREMENT BY 1
    NO MINVALUE
    NO MAXVALUE
    CACHE 1
);


--
-- Name: django_content_type; Type: TABLE; Schema: public; Owner: admin
--

CREATE TABLE public.django_content_type (
    id integer NOT NULL,
    app_label character varying(100) NOT NULL,
    model character varying(100) NOT NULL
);


ALTER TABLE public.django_content_type OWNER TO admin;

--
-- Name: django_content_type_id_seq; Type: SEQUENCE; Schema: public; Owner: admin
--

ALTER TABLE public.django_content_type ALTER COLUMN id ADD GENERATED BY DEFAULT AS IDENTITY (
    SEQUENCE NAME public.django_content_type_id_seq
    START WITH 1
    INCREMENT BY 1
    NO MINVALUE
    NO MAXVALUE
    CACHE 1
);


--
-- Name: django_migrations; Type: TABLE; Schema: public; Owner: admin
--

CREATE TABLE public.django_migrations (
    id bigint NOT NULL,
    app character varying(255) NOT NULL,
    name character varying(255) NOT NULL,
    applied timestamp with time zone NOT NULL
);


ALTER TABLE public.django_migrations OWNER TO admin;

--
-- Name: django_migrations_id_seq; Type: SEQUENCE; Schema: public; Owner: admin
--

ALTER TABLE public.django_migrations ALTER COLUMN id ADD GENERATED BY DEFAULT AS IDENTITY (
    SEQUENCE NAME public.django_migrations_id_seq
    START WITH 1
    INCREMENT BY 1
    NO MINVALUE
    NO MAXVALUE
    CACHE 1
);


--
-- Name: django_session; Type: TABLE; Schema: public; Owner: admin
--

CREATE TABLE public.django_session (
    session_key character varying(40) NOT NULL,
    session_data text NOT NULL,
    expire_date timestamp with time zone NOT NULL
);


ALTER TABLE public.django_session OWNER TO admin;

--
-- Name: django_site; Type: TABLE; Schema: public; Owner: admin
--

CREATE TABLE public.django_site (
    id integer NOT NULL,
    domain character varying(100) NOT NULL,
    name character varying(50) NOT NULL
);


ALTER TABLE public.django_site OWNER TO admin;

--
-- Name: django_site_id_seq; Type: SEQUENCE; Schema: public; Owner: admin
--

ALTER TABLE public.django_site ALTER COLUMN id ADD GENERATED BY DEFAULT AS IDENTITY (
    SEQUENCE NAME public.django_site_id_seq
    START WITH 1
    INCREMENT BY 1
    NO MINVALUE
    NO MAXVALUE
    CACHE 1
);


--
-- Name: knox_authtoken; Type: TABLE; Schema: public; Owner: admin
--

CREATE TABLE public.knox_authtoken (
    digest character varying(128) NOT NULL,
    created timestamp with time zone NOT NULL,
    user_id integer NOT NULL,
    expiry timestamp with time zone,
    token_key character varying(25) NOT NULL
);


ALTER TABLE public.knox_authtoken OWNER TO admin;

--
-- Name: morisite_album; Type: TABLE; Schema: public; Owner: admin
--

CREATE TABLE public.morisite_album (
    id_album integer NOT NULL,
    title character varying(255) NOT NULL,
    description text NOT NULL,
    is_main boolean NOT NULL,
    created_at timestamp with time zone NOT NULL,
    updated_at timestamp with time zone NOT NULL,
    user_id integer NOT NULL
);


ALTER TABLE public.morisite_album OWNER TO admin;

--
-- Name: morisite_album_id_album_seq; Type: SEQUENCE; Schema: public; Owner: admin
--

ALTER TABLE public.morisite_album ALTER COLUMN id_album ADD GENERATED BY DEFAULT AS IDENTITY (
    SEQUENCE NAME public.morisite_album_id_album_seq
    START WITH 1
    INCREMENT BY 1
    NO MINVALUE
    NO MAXVALUE
    CACHE 1
);


--
-- Name: morisite_avatar; Type: TABLE; Schema: public; Owner: admin
--

CREATE TABLE public.morisite_avatar (
    id_avatar integer NOT NULL,
    avatar character varying(100),
    updated_at timestamp with time zone NOT NULL,
    user_id integer NOT NULL
);


ALTER TABLE public.morisite_avatar OWNER TO admin;

--
-- Name: morisite_avatar_id_avatar_seq; Type: SEQUENCE; Schema: public; Owner: admin
--

ALTER TABLE public.morisite_avatar ALTER COLUMN id_avatar ADD GENERATED BY DEFAULT AS IDENTITY (
    SEQUENCE NAME public.morisite_avatar_id_avatar_seq
    START WITH 1
    INCREMENT BY 1
    NO MINVALUE
    NO MAXVALUE
    CACHE 1
);


--
-- Name: morisite_comment; Type: TABLE; Schema: public; Owner: admin
--

CREATE TABLE public.morisite_comment (
    id_comment integer NOT NULL,
    like_count integer NOT NULL,
    content text NOT NULL,
    created_at timestamp with time zone NOT NULL,
    updated_at timestamp with time zone NOT NULL,
    liked_by jsonb NOT NULL,
    parent_comment_id integer,
    user_id integer NOT NULL,
    photo_id integer NOT NULL,
    CONSTRAINT morisite_comment_like_count_check CHECK ((like_count >= 0))
);


ALTER TABLE public.morisite_comment OWNER TO admin;

--
-- Name: morisite_comment_id_comment_seq; Type: SEQUENCE; Schema: public; Owner: admin
--

ALTER TABLE public.morisite_comment ALTER COLUMN id_comment ADD GENERATED BY DEFAULT AS IDENTITY (
    SEQUENCE NAME public.morisite_comment_id_comment_seq
    START WITH 1
    INCREMENT BY 1
    NO MINVALUE
    NO MAXVALUE
    CACHE 1
);


--
-- Name: morisite_favorite; Type: TABLE; Schema: public; Owner: admin
--

CREATE TABLE public.morisite_favorite (
    id_favorite integer NOT NULL,
    note text NOT NULL,
    updated_at timestamp with time zone NOT NULL,
    created_at timestamp with time zone NOT NULL,
    photo_id integer NOT NULL
);


ALTER TABLE public.morisite_favorite OWNER TO admin;

--
-- Name: morisite_favorite_id_favorite_seq; Type: SEQUENCE; Schema: public; Owner: admin
--

ALTER TABLE public.morisite_favorite ALTER COLUMN id_favorite ADD GENERATED BY DEFAULT AS IDENTITY (
    SEQUENCE NAME public.morisite_favorite_id_favorite_seq
    START WITH 1
    INCREMENT BY 1
    NO MINVALUE
    NO MAXVALUE
    CACHE 1
);


--
-- Name: morisite_like; Type: TABLE; Schema: public; Owner: admin
--

CREATE TABLE public.morisite_like (
    id_like integer NOT NULL,
    updated_at timestamp with time zone NOT NULL,
    created_at timestamp with time zone NOT NULL,
    user_id integer NOT NULL,
    photo_id integer NOT NULL
);


ALTER TABLE public.morisite_like OWNER TO admin;

--
-- Name: morisite_like_id_like_seq; Type: SEQUENCE; Schema: public; Owner: admin
--

ALTER TABLE public.morisite_like ALTER COLUMN id_like ADD GENERATED BY DEFAULT AS IDENTITY (
    SEQUENCE NAME public.morisite_like_id_like_seq
    START WITH 1
    INCREMENT BY 1
    NO MINVALUE
    NO MAXVALUE
    CACHE 1
);


--
-- Name: morisite_notification; Type: TABLE; Schema: public; Owner: admin
--

CREATE TABLE public.morisite_notification (
    id_notification integer NOT NULL,
    notif_type character varying(20) NOT NULL,
    message text NOT NULL,
    created_at timestamp with time zone NOT NULL,
    comment_id integer,
    recipient_id integer NOT NULL,
    sender_id integer NOT NULL,
    photo_id integer
);


ALTER TABLE public.morisite_notification OWNER TO admin;

--
-- Name: morisite_notification_id_notification_seq; Type: SEQUENCE; Schema: public; Owner: admin
--

ALTER TABLE public.morisite_notification ALTER COLUMN id_notification ADD GENERATED BY DEFAULT AS IDENTITY (
    SEQUENCE NAME public.morisite_notification_id_notification_seq
    START WITH 1
    INCREMENT BY 1
    NO MINVALUE
    NO MAXVALUE
    CACHE 1
);


--
-- Name: morisite_photo; Type: TABLE; Schema: public; Owner: admin
--

CREATE TABLE public.morisite_photo (
    id_photo integer NOT NULL,
    name character varying(255) NOT NULL,
    location character varying(255) NOT NULL,
    caption text NOT NULL,
    tags text NOT NULL,
    colors text NOT NULL,
    objects_photo text NOT NULL,
    description text NOT NULL,
    photo character varying(100),
    is_favorited boolean NOT NULL,
    is_deleted boolean NOT NULL,
    is_public boolean NOT NULL,
    like_count integer NOT NULL,
    faiss_id integer,
    faiss_id_public integer,
    created_at timestamp with time zone NOT NULL,
    updated_at timestamp with time zone NOT NULL,
    album_id integer NOT NULL,
    CONSTRAINT morisite_photo_like_count_check CHECK ((like_count >= 0))
);


ALTER TABLE public.morisite_photo OWNER TO admin;

--
-- Name: morisite_photo_id_photo_seq; Type: SEQUENCE; Schema: public; Owner: admin
--

ALTER TABLE public.morisite_photo ALTER COLUMN id_photo ADD GENERATED BY DEFAULT AS IDENTITY (
    SEQUENCE NAME public.morisite_photo_id_photo_seq
    START WITH 1
    INCREMENT BY 1
    NO MINVALUE
    NO MAXVALUE
    CACHE 1
);


--
-- Name: morisite_search_history; Type: TABLE; Schema: public; Owner: admin
--

CREATE TABLE public.morisite_search_history (
    id_search_history integer NOT NULL,
    search_query character varying(255) NOT NULL,
    search_type character varying(255) NOT NULL,
    search_date timestamp with time zone NOT NULL,
    liked_images jsonb NOT NULL,
    created_at timestamp with time zone NOT NULL,
    user_id integer NOT NULL
);


ALTER TABLE public.morisite_search_history OWNER TO admin;

--
-- Name: morisite_search_history_id_search_history_seq; Type: SEQUENCE; Schema: public; Owner: admin
--

ALTER TABLE public.morisite_search_history ALTER COLUMN id_search_history ADD GENERATED BY DEFAULT AS IDENTITY (
    SEQUENCE NAME public.morisite_search_history_id_search_history_seq
    START WITH 1
    INCREMENT BY 1
    NO MINVALUE
    NO MAXVALUE
    CACHE 1
);


--
-- Name: morisite_trash; Type: TABLE; Schema: public; Owner: admin
--

CREATE TABLE public.morisite_trash (
    id_trash integer NOT NULL,
    deleted_at timestamp with time zone NOT NULL,
    created_at timestamp with time zone NOT NULL,
    photo_id integer,
    user_id integer NOT NULL
);


ALTER TABLE public.morisite_trash OWNER TO admin;

--
-- Name: morisite_trash_id_trash_seq; Type: SEQUENCE; Schema: public; Owner: admin
--

ALTER TABLE public.morisite_trash ALTER COLUMN id_trash ADD GENERATED BY DEFAULT AS IDENTITY (
    SEQUENCE NAME public.morisite_trash_id_trash_seq
    START WITH 1
    INCREMENT BY 1
    NO MINVALUE
    NO MAXVALUE
    CACHE 1
);


--
-- Name: morisite_user; Type: TABLE; Schema: public; Owner: admin
--

CREATE TABLE public.morisite_user (
    password character varying(128) NOT NULL,
    last_login timestamp with time zone,
    is_superuser boolean NOT NULL,
    id_user integer NOT NULL,
    name character varying(255) NOT NULL,
    email character varying(254) NOT NULL,
    created_at timestamp with time zone NOT NULL,
    updated_at timestamp with time zone NOT NULL,
    is_email boolean NOT NULL,
    is_active boolean NOT NULL,
    is_staff boolean NOT NULL
);


ALTER TABLE public.morisite_user OWNER TO admin;

--
-- Name: morisite_user_groups; Type: TABLE; Schema: public; Owner: admin
--

CREATE TABLE public.morisite_user_groups (
    id bigint NOT NULL,
    user_id integer NOT NULL,
    group_id integer NOT NULL
);


ALTER TABLE public.morisite_user_groups OWNER TO admin;

--
-- Name: morisite_user_groups_id_seq; Type: SEQUENCE; Schema: public; Owner: admin
--

ALTER TABLE public.morisite_user_groups ALTER COLUMN id ADD GENERATED BY DEFAULT AS IDENTITY (
    SEQUENCE NAME public.morisite_user_groups_id_seq
    START WITH 1
    INCREMENT BY 1
    NO MINVALUE
    NO MAXVALUE
    CACHE 1
);


--
-- Name: morisite_user_id_user_seq; Type: SEQUENCE; Schema: public; Owner: admin
--

ALTER TABLE public.morisite_user ALTER COLUMN id_user ADD GENERATED BY DEFAULT AS IDENTITY (
    SEQUENCE NAME public.morisite_user_id_user_seq
    START WITH 1
    INCREMENT BY 1
    NO MINVALUE
    NO MAXVALUE
    CACHE 1
);


--
-- Name: morisite_user_user_permissions; Type: TABLE; Schema: public; Owner: admin
--

CREATE TABLE public.morisite_user_user_permissions (
    id bigint NOT NULL,
    user_id integer NOT NULL,
    permission_id integer NOT NULL
);


ALTER TABLE public.morisite_user_user_permissions OWNER TO admin;

--
-- Name: morisite_user_user_permissions_id_seq; Type: SEQUENCE; Schema: public; Owner: admin
--

ALTER TABLE public.morisite_user_user_permissions ALTER COLUMN id ADD GENERATED BY DEFAULT AS IDENTITY (
    SEQUENCE NAME public.morisite_user_user_permissions_id_seq
    START WITH 1
    INCREMENT BY 1
    NO MINVALUE
    NO MAXVALUE
    CACHE 1
);


--
-- Name: socialaccount_socialaccount; Type: TABLE; Schema: public; Owner: admin
--

CREATE TABLE public.socialaccount_socialaccount (
    id integer NOT NULL,
    provider character varying(200) NOT NULL,
    uid character varying(191) NOT NULL,
    last_login timestamp with time zone NOT NULL,
    date_joined timestamp with time zone NOT NULL,
    extra_data jsonb NOT NULL,
    user_id integer NOT NULL
);


ALTER TABLE public.socialaccount_socialaccount OWNER TO admin;

--
-- Name: socialaccount_socialaccount_id_seq; Type: SEQUENCE; Schema: public; Owner: admin
--

ALTER TABLE public.socialaccount_socialaccount ALTER COLUMN id ADD GENERATED BY DEFAULT AS IDENTITY (
    SEQUENCE NAME public.socialaccount_socialaccount_id_seq
    START WITH 1
    INCREMENT BY 1
    NO MINVALUE
    NO MAXVALUE
    CACHE 1
);


--
-- Name: socialaccount_socialapp; Type: TABLE; Schema: public; Owner: admin
--

CREATE TABLE public.socialaccount_socialapp (
    id integer NOT NULL,
    provider character varying(30) NOT NULL,
    name character varying(40) NOT NULL,
    client_id character varying(191) NOT NULL,
    secret character varying(191) NOT NULL,
    key character varying(191) NOT NULL,
    provider_id character varying(200) NOT NULL,
    settings jsonb NOT NULL
);


ALTER TABLE public.socialaccount_socialapp OWNER TO admin;

--
-- Name: socialaccount_socialapp_id_seq; Type: SEQUENCE; Schema: public; Owner: admin
--

ALTER TABLE public.socialaccount_socialapp ALTER COLUMN id ADD GENERATED BY DEFAULT AS IDENTITY (
    SEQUENCE NAME public.socialaccount_socialapp_id_seq
    START WITH 1
    INCREMENT BY 1
    NO MINVALUE
    NO MAXVALUE
    CACHE 1
);


--
-- Name: socialaccount_socialapp_sites; Type: TABLE; Schema: public; Owner: admin
--

CREATE TABLE public.socialaccount_socialapp_sites (
    id bigint NOT NULL,
    socialapp_id integer NOT NULL,
    site_id integer NOT NULL
);


ALTER TABLE public.socialaccount_socialapp_sites OWNER TO admin;

--
-- Name: socialaccount_socialapp_sites_id_seq; Type: SEQUENCE; Schema: public; Owner: admin
--

ALTER TABLE public.socialaccount_socialapp_sites ALTER COLUMN id ADD GENERATED BY DEFAULT AS IDENTITY (
    SEQUENCE NAME public.socialaccount_socialapp_sites_id_seq
    START WITH 1
    INCREMENT BY 1
    NO MINVALUE
    NO MAXVALUE
    CACHE 1
);


--
-- Name: socialaccount_socialtoken; Type: TABLE; Schema: public; Owner: admin
--

CREATE TABLE public.socialaccount_socialtoken (
    id integer NOT NULL,
    token text NOT NULL,
    token_secret text NOT NULL,
    expires_at timestamp with time zone,
    account_id integer NOT NULL,
    app_id integer
);


ALTER TABLE public.socialaccount_socialtoken OWNER TO admin;

--
-- Name: socialaccount_socialtoken_id_seq; Type: SEQUENCE; Schema: public; Owner: admin
--

ALTER TABLE public.socialaccount_socialtoken ALTER COLUMN id ADD GENERATED BY DEFAULT AS IDENTITY (
    SEQUENCE NAME public.socialaccount_socialtoken_id_seq
    START WITH 1
    INCREMENT BY 1
    NO MINVALUE
    NO MAXVALUE
    CACHE 1
);


--
-- Data for Name: account_emailaddress; Type: TABLE DATA; Schema: public; Owner: admin
--

COPY public.account_emailaddress (id, email, verified, "primary", user_id) FROM stdin;
\.


--
-- Data for Name: account_emailconfirmation; Type: TABLE DATA; Schema: public; Owner: admin
--

COPY public.account_emailconfirmation (id, created, sent, key, email_address_id) FROM stdin;
\.


--
-- Data for Name: auth_group; Type: TABLE DATA; Schema: public; Owner: admin
--

COPY public.auth_group (id, name) FROM stdin;
\.


--
-- Data for Name: auth_group_permissions; Type: TABLE DATA; Schema: public; Owner: admin
--

COPY public.auth_group_permissions (id, group_id, permission_id) FROM stdin;
\.


--
-- Data for Name: auth_permission; Type: TABLE DATA; Schema: public; Owner: admin
--

COPY public.auth_permission (id, name, content_type_id, codename) FROM stdin;
1	Can add email address	1	add_emailaddress
2	Can change email address	1	change_emailaddress
3	Can delete email address	1	delete_emailaddress
4	Can view email address	1	view_emailaddress
5	Can add email confirmation	2	add_emailconfirmation
6	Can change email confirmation	2	change_emailconfirmation
7	Can delete email confirmation	2	delete_emailconfirmation
8	Can view email confirmation	2	view_emailconfirmation
9	Can add social account	3	add_socialaccount
10	Can change social account	3	change_socialaccount
11	Can delete social account	3	delete_socialaccount
12	Can view social account	3	view_socialaccount
13	Can add social application	4	add_socialapp
14	Can change social application	4	change_socialapp
15	Can delete social application	4	delete_socialapp
16	Can view social application	4	view_socialapp
17	Can add social application token	5	add_socialtoken
18	Can change social application token	5	change_socialtoken
19	Can delete social application token	5	delete_socialtoken
20	Can view social application token	5	view_socialtoken
21	Can add site	6	add_site
22	Can change site	6	change_site
23	Can delete site	6	delete_site
24	Can view site	6	view_site
25	Can add log entry	7	add_logentry
26	Can change log entry	7	change_logentry
27	Can delete log entry	7	delete_logentry
28	Can view log entry	7	view_logentry
29	Can add permission	8	add_permission
30	Can change permission	8	change_permission
31	Can delete permission	8	delete_permission
32	Can view permission	8	view_permission
33	Can add group	9	add_group
34	Can change group	9	change_group
35	Can delete group	9	delete_group
36	Can view group	9	view_group
37	Can add content type	10	add_contenttype
38	Can change content type	10	change_contenttype
39	Can delete content type	10	delete_contenttype
40	Can view content type	10	view_contenttype
41	Can add session	11	add_session
42	Can change session	11	change_session
43	Can delete session	11	delete_session
44	Can view session	11	view_session
45	Can add user	12	add_user
46	Can change user	12	change_user
47	Can delete user	12	delete_user
48	Can view user	12	view_user
49	Can add album	13	add_album
50	Can change album	13	change_album
51	Can delete album	13	delete_album
52	Can view album	13	view_album
53	Can add avatar	14	add_avatar
54	Can change avatar	14	change_avatar
55	Can delete avatar	14	delete_avatar
56	Can view avatar	14	view_avatar
57	Can add comment	15	add_comment
58	Can change comment	15	change_comment
59	Can delete comment	15	delete_comment
60	Can view comment	15	view_comment
61	Can add photo	16	add_photo
62	Can change photo	16	change_photo
63	Can delete photo	16	delete_photo
64	Can view photo	16	view_photo
65	Can add notification	17	add_notification
66	Can change notification	17	change_notification
67	Can delete notification	17	delete_notification
68	Can view notification	17	view_notification
69	Can add like	18	add_like
70	Can change like	18	change_like
71	Can delete like	18	delete_like
72	Can view like	18	view_like
73	Can add favorite	19	add_favorite
74	Can change favorite	19	change_favorite
75	Can delete favorite	19	delete_favorite
76	Can view favorite	19	view_favorite
77	Can add search_history	20	add_search_history
78	Can change search_history	20	change_search_history
79	Can delete search_history	20	delete_search_history
80	Can view search_history	20	view_search_history
81	Can add trash	21	add_trash
82	Can change trash	21	change_trash
83	Can delete trash	21	delete_trash
84	Can view trash	21	view_trash
85	Can add auth token	22	add_authtoken
86	Can change auth token	22	change_authtoken
87	Can delete auth token	22	delete_authtoken
88	Can view auth token	22	view_authtoken
\.


--
-- Data for Name: django_admin_log; Type: TABLE DATA; Schema: public; Owner: admin
--

COPY public.django_admin_log (id, action_time, object_id, object_repr, action_flag, change_message, content_type_id, user_id) FROM stdin;
\.


--
-- Data for Name: django_content_type; Type: TABLE DATA; Schema: public; Owner: admin
--

COPY public.django_content_type (id, app_label, model) FROM stdin;
1	account	emailaddress
2	account	emailconfirmation
3	socialaccount	socialaccount
4	socialaccount	socialapp
5	socialaccount	socialtoken
6	sites	site
7	admin	logentry
8	auth	permission
9	auth	group
10	contenttypes	contenttype
11	sessions	session
12	morisite	user
13	morisite	album
14	morisite	avatar
15	morisite	comment
16	morisite	photo
17	morisite	notification
18	morisite	like
19	morisite	favorite
20	morisite	search_history
21	morisite	trash
22	knox	authtoken
\.


--
-- Data for Name: django_migrations; Type: TABLE DATA; Schema: public; Owner: admin
--

COPY public.django_migrations (id, app, name, applied) FROM stdin;
1	contenttypes	0001_initial	2025-05-14 05:58:17.387989+00
2	contenttypes	0002_remove_content_type_name	2025-05-14 05:58:17.3965+00
3	auth	0001_initial	2025-05-14 05:58:17.429121+00
4	auth	0002_alter_permission_name_max_length	2025-05-14 05:58:17.434121+00
5	auth	0003_alter_user_email_max_length	2025-05-14 05:58:17.440505+00
6	auth	0004_alter_user_username_opts	2025-05-14 05:58:17.447503+00
7	auth	0005_alter_user_last_login_null	2025-05-14 05:58:17.454355+00
8	auth	0006_require_contenttypes_0002	2025-05-14 05:58:17.457354+00
9	auth	0007_alter_validators_add_error_messages	2025-05-14 05:58:17.464354+00
10	auth	0008_alter_user_username_max_length	2025-05-14 05:58:17.471155+00
11	auth	0009_alter_user_last_name_max_length	2025-05-14 05:58:17.477157+00
12	auth	0010_alter_group_name_max_length	2025-05-14 05:58:17.486241+00
13	auth	0011_update_proxy_permissions	2025-05-14 05:58:17.4911+00
14	auth	0012_alter_user_first_name_max_length	2025-05-14 05:58:17.497783+00
15	morisite	0001_initial	2025-05-14 05:58:17.625063+00
16	account	0001_initial	2025-05-14 05:58:17.658305+00
17	account	0002_email_max_length	2025-05-14 05:58:17.668717+00
18	account	0003_alter_emailaddress_create_unique_verified_email	2025-05-14 05:58:17.686387+00
19	account	0004_alter_emailaddress_drop_unique_email	2025-05-14 05:58:17.708331+00
20	account	0005_emailaddress_idx_upper_email	2025-05-14 05:58:17.722368+00
21	account	0006_emailaddress_lower	2025-05-14 05:58:17.738564+00
22	account	0007_emailaddress_idx_email	2025-05-14 05:58:17.75818+00
23	account	0008_emailaddress_unique_primary_email_fixup	2025-05-14 05:58:17.774757+00
24	account	0009_emailaddress_unique_primary_email	2025-05-14 05:58:17.785613+00
25	admin	0001_initial	2025-05-14 05:58:17.80585+00
26	admin	0002_logentry_remove_auto_add	2025-05-14 05:58:17.81607+00
27	admin	0003_logentry_add_action_flag_choices	2025-05-14 05:58:17.828089+00
28	knox	0001_initial	2025-05-14 05:58:17.843859+00
29	knox	0002_auto_20150916_1425	2025-05-14 05:58:17.862997+00
30	knox	0003_auto_20150916_1526	2025-05-14 05:58:17.884887+00
31	knox	0004_authtoken_expires	2025-05-14 05:58:17.896705+00
32	knox	0005_authtoken_token_key	2025-05-14 05:58:17.910163+00
33	knox	0006_auto_20160818_0932	2025-05-14 05:58:17.93626+00
34	knox	0007_auto_20190111_0542	2025-05-14 05:58:17.947483+00
35	knox	0008_remove_authtoken_salt	2025-05-14 05:58:17.959957+00
36	knox	0009_extend_authtoken_field	2025-05-14 05:58:17.972303+00
37	sessions	0001_initial	2025-05-14 05:58:17.98352+00
38	sites	0001_initial	2025-05-14 05:58:17.990082+00
39	sites	0002_alter_domain_unique	2025-05-14 05:58:17.995948+00
40	socialaccount	0001_initial	2025-05-14 05:58:18.056696+00
41	socialaccount	0002_token_max_lengths	2025-05-14 05:58:18.083775+00
42	socialaccount	0003_extra_data_default_dict	2025-05-14 05:58:18.093508+00
43	socialaccount	0004_app_provider_id_settings	2025-05-14 05:58:18.118922+00
44	socialaccount	0005_socialtoken_nullable_app	2025-05-14 05:58:18.140739+00
45	socialaccount	0006_alter_socialaccount_extra_data	2025-05-14 05:58:18.157832+00
\.


--
-- Data for Name: django_session; Type: TABLE DATA; Schema: public; Owner: admin
--

COPY public.django_session (session_key, session_data, expire_date) FROM stdin;
9a1botdm5a3i8wdm43k626fq813d1cfk	.eJxVjMsOwiAQRf-FtSG8GVy69xvIMIBUDU1KuzL-uzbpQrf3nHNfLOK2triNssQpszNT7PS7JaRH6TvId-y3mdPc12VKfFf4QQe_zrk8L4f7d9BwtG-dvATvpBXVgpRBGyccSVcIbAnCGUXeorBaJ5-MBSgIqCsFEDWQSsDeH6XMNsY:1uF5Ni:SFWj2G8RcUi_OAcfw0ctnRmU4F7VkQp7DTrXLTGctZQ	2025-05-28 06:14:18.212742+00
\.


--
-- Data for Name: django_site; Type: TABLE DATA; Schema: public; Owner: admin
--

COPY public.django_site (id, domain, name) FROM stdin;
1	example.com	example.com
\.


--
-- Data for Name: knox_authtoken; Type: TABLE DATA; Schema: public; Owner: admin
--

COPY public.knox_authtoken (digest, created, user_id, expiry, token_key) FROM stdin;
dedf16ff603d2557073f94510e0f08cdadfb509b299dc86d968fa72fd045608b27ba1c2fb0c483c9a6914ab9371fd8013a5fbed9fe383f118510ffe77c12a420	2025-05-14 06:01:01.72802+00	1	2025-05-15 06:01:01.727469+00	e6047b004e519ec
8a33cd1dcd8c3a261c7855caa5dc5f9c7e873a0f354da8d10d626860e2bea012a2de52a2d08fc304657e8e2cbfc1c366b9b8b510ad5c5a8c387d79dc0b228b2f	2025-05-14 06:01:34.253873+00	2	2025-05-15 06:01:34.253873+00	a088ff694a6752a
c310f6463322c040386b8b781452216a84f952efbb19151d2618670539cfd8c78aff2ff9afb1f4b3a0357ba9644eec97c8cc578ce83f643fdcf1250a4edab88f	2025-05-14 06:01:42.87131+00	2	2025-05-15 06:01:42.87131+00	040e74bb3aa03a1
e4ece02d0c495d5557bdbd31a888446c42b915f47553449b63b9c90afeebe5580d9eff2f027b16bcd9223ebba4339d4e8aff22407f82beefe7e12a17bb40ca0d	2025-05-14 06:03:43.72014+00	3	2025-05-15 06:03:43.72014+00	49f27bde55b0dab
4f832c02864eed791a236378a4b0a8b702b24ccea7a5961e381e6d05cf57c7120b986c39164b94536d82108f9585f7103415ef86ddc9954d6a92e6d421864292	2025-05-14 06:03:53.387746+00	3	2025-05-15 06:03:53.387746+00	45ee44694815a51
af2c2269602d2df14f45b91e0f885a9f21b82704a638cd6bc031045f142196bf935038dcef5fb7f74316e25309857713d8292d93904425ab30b567f1a0c194c1	2025-05-14 06:06:47.82659+00	4	2025-05-15 06:06:47.82659+00	d07726a1495441e
f7cb8f4003dfee6e51a15166ec99ddb14833fb00665314e6f8a8374578359ac59b5e4720024304e189303b11c673d8f78a84ff327bdc55c11dff8fd7c2aa5794	2025-05-14 06:06:56.394087+00	4	2025-05-15 06:06:56.394087+00	7bf584f575ecfdc
e728948900b7e03f7e092b9854ac39bbeb718c9aea02f7b73a3ae4625dbe7d7a01c5cb6d40c85868673b429dcd85d18a582203a746b57c012af37e7952899bfd	2025-05-14 06:13:07.114841+00	3	2025-05-15 06:13:07.114841+00	58bcf9f0c17721e
bdfb106f1e48284fd69b00da2712565016bf16da4b6db5118693a7101597e4cdb71272a4929ab3e89c9f33a275fadb33c283a696af322c7083afe2558146c039	2025-05-14 06:14:18.212742+00	2	2025-05-15 06:14:18.212742+00	ff10943dac8fcce
\.


--
-- Data for Name: morisite_album; Type: TABLE DATA; Schema: public; Owner: admin
--

COPY public.morisite_album (id_album, title, description, is_main, created_at, updated_at, user_id) FROM stdin;
1	Tß║Ñt cß║ú		t	2025-05-14 06:00:25.554005+00	2025-05-14 06:00:25.554005+00	1
2	Tß║Ñt cß║ú		t	2025-05-14 06:01:34.241479+00	2025-05-14 06:01:34.241479+00	2
3	Tß║Ñt cß║ú		t	2025-05-14 06:03:43.714881+00	2025-05-14 06:03:43.714881+00	3
4	Tß║Ñt cß║ú		t	2025-05-14 06:06:47.820208+00	2025-05-14 06:06:47.820208+00	4
\.


--
-- Data for Name: morisite_avatar; Type: TABLE DATA; Schema: public; Owner: admin
--

COPY public.morisite_avatar (id_avatar, avatar, updated_at, user_id) FROM stdin;
1	avatar/default_image/default.jpg	2025-05-14 06:00:25.554005+00	1
2	avatar/default_image/default.jpg	2025-05-14 06:01:34.241479+00	2
3	avatar/default_image/default.jpg	2025-05-14 06:03:43.714881+00	3
4	avatar/default_image/default.jpg	2025-05-14 06:06:47.82659+00	4
\.


--
-- Data for Name: morisite_comment; Type: TABLE DATA; Schema: public; Owner: admin
--

COPY public.morisite_comment (id_comment, like_count, content, created_at, updated_at, liked_by, parent_comment_id, user_id, photo_id) FROM stdin;
1	0	con n├áy nh├á tui c┼⌐ng c├│ nu├┤i n├¿	2025-05-14 06:09:27.299361+00	2025-05-14 06:09:27.299361+00	[]	\N	4	33
2	0	con cho n├áy dß╗à th╞░╞íng qu├í dß╗ï bß║ín	2025-05-14 06:09:45.565508+00	2025-05-14 06:09:45.565508+00	[]	\N	4	30
3	0	cam n├áy c├│ ngß╗ìt hog ─æ├│ bß╗»a nh├¼n ─æß║╣p m├á chua l├¿	2025-05-14 06:10:07.598125+00	2025-05-14 06:10:07.598125+00	[]	\N	4	1
4	0	xe n├áy m├áu ─æen hay t├¡m vß║¡y bß║ín	2025-05-14 06:12:37.604698+00	2025-05-14 06:12:37.604698+00	[]	\N	4	46
5	0	chua nha x├íc nhß║¡n	2025-05-14 06:13:23.739774+00	2025-05-14 06:13:23.739774+00	[]	3	3	1
6	0	xe ─æß║╣p	2025-05-14 06:13:36.736068+00	2025-05-14 06:13:36.736068+00	[]	\N	3	39
7	0	con hß╗ò phß║úi hong	2025-05-14 06:13:50.12348+00	2025-05-14 06:13:50.12348+00	[]	\N	3	20
8	0	nhß╗¢ dß╗½a nhß╗¢ ng├┤i sao s├íng tr├¬n bß║ºu trß╗¥i c╞í m├á dß╗½a ngon	2025-05-14 06:14:46.263359+00	2025-05-14 06:14:46.263359+00	[]	\N	2	18
9	0	chua ─æ├óu m├á chua	2025-05-14 06:15:04.299185+00	2025-05-14 06:15:04.299185+00	[]	5	2	1
\.


--
-- Data for Name: morisite_favorite; Type: TABLE DATA; Schema: public; Owner: admin
--

COPY public.morisite_favorite (id_favorite, note, updated_at, created_at, photo_id) FROM stdin;
\.


--
-- Data for Name: morisite_like; Type: TABLE DATA; Schema: public; Owner: admin
--

COPY public.morisite_like (id_like, updated_at, created_at, user_id, photo_id) FROM stdin;
1	2025-05-14 06:15:13.228243+00	2025-05-14 06:15:13.228243+00	2	43
2	2025-05-14 06:15:14.734697+00	2025-05-14 06:15:14.734697+00	2	40
3	2025-05-14 06:15:16.321097+00	2025-05-14 06:15:16.321097+00	2	12
4	2025-05-14 06:15:17.195965+00	2025-05-14 06:15:17.195965+00	2	25
5	2025-05-14 06:15:19.462398+00	2025-05-14 06:15:19.462398+00	2	20
6	2025-05-14 06:15:22.344929+00	2025-05-14 06:15:22.344929+00	2	32
7	2025-05-14 06:15:27.908093+00	2025-05-14 06:15:27.908093+00	2	18
\.


--
-- Data for Name: morisite_notification; Type: TABLE DATA; Schema: public; Owner: admin
--

COPY public.morisite_notification (id_notification, notif_type, message, created_at, comment_id, recipient_id, sender_id, photo_id) FROM stdin;
1	comment_photo	Meta ─æ├ú b├¼nh luß║¡n ß║únh cß╗ºa bß║ín.	2025-05-14 06:09:27.315267+00	1	3	4	33
2	comment_photo	Meta ─æ├ú b├¼nh luß║¡n ß║únh cß╗ºa bß║ín.	2025-05-14 06:09:45.581041+00	2	3	4	30
3	comment_photo	Meta ─æ├ú b├¼nh luß║¡n ß║únh cß╗ºa bß║ín.	2025-05-14 06:10:07.598125+00	3	2	4	1
4	reply_comment	Meta ─æ├ú trß║ú lß╗¥i b├¼nh luß║¡n cß╗ºa bß║ín.	2025-05-14 06:13:23.743438+00	5	4	3	1
5	comment_photo	Dien ─æ├ú b├¼nh luß║¡n ß║únh cß╗ºa bß║ín.	2025-05-14 06:13:23.743438+00	5	2	3	1
6	comment_photo	Dien ─æ├ú b├¼nh luß║¡n ß║únh cß╗ºa bß║ín.	2025-05-14 06:13:36.740472+00	6	4	3	39
7	reply_comment	Dien ─æ├ú trß║ú lß╗¥i b├¼nh luß║¡n cß╗ºa bß║ín.	2025-05-14 06:15:04.301192+00	9	3	2	1
8	like_photo	Huy ─æ├ú th├¡ch ß║únh cß╗ºa bß║ín	2025-05-14 06:15:13.233473+00	\N	4	2	43
9	like_photo	Huy ─æ├ú th├¡ch ß║únh cß╗ºa bß║ín	2025-05-14 06:15:14.738889+00	\N	4	2	40
10	like_photo	Huy ─æ├ú th├¡ch ß║únh cß╗ºa bß║ín	2025-05-14 06:15:17.199999+00	\N	3	2	25
11	like_photo	Huy ─æ├ú th├¡ch ß║únh cß╗ºa bß║ín	2025-05-14 06:15:19.464556+00	\N	3	2	20
12	like_photo	Huy ─æ├ú th├¡ch ß║únh cß╗ºa bß║ín	2025-05-14 06:15:22.349164+00	\N	3	2	32
\.


--
-- Data for Name: morisite_photo; Type: TABLE DATA; Schema: public; Owner: admin
--

COPY public.morisite_photo (id_photo, name, location, caption, tags, colors, objects_photo, description, photo, is_favorited, is_deleted, is_public, like_count, faiss_id, faiss_id_public, created_at, updated_at, album_id) FROM stdin;
35								photo/7e946a9d1648dad5ab3705cb8c6649d4.jpg	f	f	t	0	0	34	2025-05-14 06:07:18.414709+00	2025-05-14 06:07:43.995445+00	4
42								photo/CPqWE5yi9cicUcicqux8m6f3BCHlq0l5fSFqbmBPN-M2PA33z_a5WwTICa2OafvnHtE01kP-wzErNQFRnJ_VZ1X0Mv.png	f	f	t	0	7	41	2025-05-14 06:07:19.596871+00	2025-05-14 06:08:06.391862+00	4
39								photo/49932658111_30214a4229_b.jpg	f	f	t	0	4	38	2025-05-14 06:07:19.111121+00	2025-05-14 06:08:07.906348+00	4
45								photo/h7-1511154587424.jpg	f	f	t	0	10	44	2025-05-14 06:07:20.221015+00	2025-05-14 06:08:12.88865+00	4
24								photo/anh-dong-vat-73.jpg	f	f	f	0	5	23	2025-05-14 06:04:13.580161+00	2025-05-14 06:04:13.743068+00	3
36								photo/99-hinh-anh-xe-do-drag-dep-nhat-tai-anh-xe-do-drag-ngau-1-1024x1024.jpg	f	f	f	0	1	35	2025-05-14 06:07:18.627497+00	2025-05-14 06:07:18.771502+00	4
7								photo/cac-loai-trai-cay-tot-cho-tieu-hoa-cua-be-1.jpg	f	f	f	0	6	6	2025-05-14 06:01:58.986247+00	2025-05-14 06:01:59.130665+00	2
25								photo/anh-mo-ta.jpg	f	f	t	1	6	24	2025-05-14 06:04:13.746133+00	2025-05-14 06:15:17.195965+00	3
8								photo/cong-dung-bat-ngo-cua-trai-oi-4105-5176-1553746430.png	f	f	f	0	7	7	2025-05-14 06:01:59.130665+00	2025-05-14 06:01:59.280208+00	2
2								photo/10-loai-trai-cay-cap-cuu-khi-bi-benh1.jpg	f	f	t	0	1	1	2025-05-14 06:01:58.227731+00	2025-05-14 06:02:13.676792+00	2
16								photo/tao-ninh-thuan-09-11kg_202504121401474919.jpg	f	f	t	0	15	15	2025-05-14 06:02:00.322505+00	2025-05-14 06:02:14.531928+00	2
9								photo/dau-tay_1.jpg	f	f	f	0	8	8	2025-05-14 06:01:59.284044+00	2025-05-14 06:01:59.456308+00	2
3								photo/12-loai-trai-cay-tot-cho-tre-an-dam.jpg	f	f	t	0	2	2	2025-05-14 06:01:58.395029+00	2025-05-14 06:02:15.583104+00	2
4								photo/4141_vYi.jpg	f	f	t	0	3	3	2025-05-14 06:01:58.517902+00	2025-05-14 06:02:17.03568+00	2
50								photo/Xe-May-Dien-Re-Dep-2.jpg	f	f	t	0	15	49	2025-05-14 06:07:21.62892+00	2025-05-14 06:08:14.648422+00	4
17								photo/top-8-loai-trai-cay-thom-ngon-mat-bo-lai-giup-dep-da-2.jpg	f	f	t	0	16	16	2025-05-14 06:02:00.466063+00	2025-05-14 06:02:18.132653+00	2
5								photo/an-qua-nhieu-trai-cay-khong-tot-nhung-an-5-loai-qua-nay-cang-nhieu-cang-tot-cho-su_KtIlU91.jpg	f	f	t	0	4	4	2025-05-14 06:01:58.70778+00	2025-05-14 06:02:19.243437+00	2
6								photo/cach-chon-hoa-qua-phu-hop-trong-che-do-an-uong-han-che-duong-1-768x483-1.jpg	f	f	t	0	5	5	2025-05-14 06:01:58.8499+00	2025-05-14 06:02:20.842765+00	2
15								photo/quan-niem-trai-cay-nong-mat_thumb.jpg	f	f	t	0	14	14	2025-05-14 06:02:00.185624+00	2025-05-14 06:02:24.468391+00	2
20								photo/177f1c13f0d2b0b8c96a462d4770978a.jpg	f	f	t	1	1	19	2025-05-14 06:04:12.907985+00	2025-05-14 06:15:19.455129+00	3
11								photo/images-motthegioi-vn_nhan-co-tinh-nong-nen-co-the-khien-cho-da-ban-bi-mun_wqvu.jpg	f	f	t	0	10	10	2025-05-14 06:01:59.597243+00	2025-05-14 06:02:25.906421+00	2
32								photo/hinh-anh-con-vat-16.jpg	f	f	t	1	13	31	2025-05-14 06:04:14.826237+00	2025-05-14 06:15:22.342809+00	3
13								photo/nhung-loai-trai-cay-rat-ghet-tu-lanh2.jpg	f	f	f	0	12	12	2025-05-14 06:01:59.902273+00	2025-05-14 06:02:00.034906+00	2
10								photo/dua-hau.jpg	f	f	t	0	9	9	2025-05-14 06:01:59.45946+00	2025-05-14 06:02:29.299951+00	2
14								photo/nhung-loai-trai-cay-tot-cho-nguoi-tap-the-hinh.jpg	f	f	t	0	13	13	2025-05-14 06:02:00.038906+00	2025-05-14 06:02:31.181598+00	2
1	cam							photo/7f916ded027eef14543550b385a4306cqua-cam-1.jpg	f	f	t	0	0	0	2025-05-14 06:01:57.984448+00	2025-05-14 06:02:43.442782+00	2
51								photo/xe-vung-tau-bien-hoa-dong-nai-5.jpg	f	f	t	0	16	50	2025-05-14 06:07:21.82624+00	2025-05-14 06:08:20.962261+00	4
44								photo/flowers-7844421_1280.jpg	f	f	t	0	9	43	2025-05-14 06:07:20.054463+00	2025-05-14 06:07:45.000968+00	4
22								photo/anh_dong_vat_3.jpg	f	f	t	0	3	21	2025-05-14 06:04:13.200712+00	2025-05-14 06:04:24.496688+00	3
46								photo/HC3ACnh-siC3AAu-xe-Lamborghini-cE1BBB1c-C491E1BAB9p-scaled.jpg	f	f	t	0	11	45	2025-05-14 06:07:20.356245+00	2025-05-14 06:08:24.747882+00	4
23								photo/anh-chup-man-hinh-2024-09-26-144119.jpg	f	f	t	0	4	22	2025-05-14 06:04:13.377999+00	2025-05-14 06:04:27.097428+00	3
38	g├íi							photo/99-hinh-anh-xe-do-va-gai-dep-cuc-chat-moi-nhat-2180-12.jpg	f	f	t	0	3	37	2025-05-14 06:07:18.958192+00	2025-05-14 06:08:56.350983+00	4
26								photo/ANI_-_073.jpg	f	f	t	0	7	25	2025-05-14 06:04:13.901331+00	2025-05-14 06:04:29.918821+00	3
27								photo/con-vat-de-thuong-10.jpg	f	f	t	0	8	26	2025-05-14 06:04:14.05891+00	2025-05-14 06:04:30.900416+00	3
34								photo/photo-9-1670820212992811034722.jpg	f	f	t	0	15	33	2025-05-14 06:04:15.119296+00	2025-05-14 06:04:32.06962+00	3
28								photo/f2aa5275995e635770b24333fc1a48a3.jpg	f	f	t	0	9	27	2025-05-14 06:04:14.190315+00	2025-05-14 06:04:34.367838+00	3
29								photo/g1-1652023836423.jpg	f	f	t	0	10	28	2025-05-14 06:04:14.364437+00	2025-05-14 06:04:37.434875+00	3
31								photo/hinh-anh-con-vat-5.jpg	f	f	t	0	12	30	2025-05-14 06:04:14.67126+00	2025-05-14 06:05:49.104014+00	3
33								photo/hinh-anh-con-vat-18.jpg	f	f	t	0	14	32	2025-05-14 06:04:14.973539+00	2025-05-14 06:05:50.209298+00	3
30								photo/hinh-anh-con-cho-cho-be-nhan-biet_093453721.jpg	f	f	t	0	11	29	2025-05-14 06:04:14.534067+00	2025-05-14 06:05:55.969871+00	3
21	m├¿o							photo/213a5222613e0f81ecb258806d975aa1.jpg	f	f	t	0	2	20	2025-05-14 06:04:13.044694+00	2025-05-14 06:05:59.111928+00	3
19								photo/5-1646708116-5472.jpg	f	f	t	0	0	18	2025-05-14 06:04:12.691381+00	2025-05-14 06:06:05.415548+00	3
43								photo/E1BAA2nh-siC3AAu-xe-Lamborghini-C491E1BAB9p-scaled.jpg	f	f	t	1	8	42	2025-05-14 06:07:19.752663+00	2025-05-14 06:15:13.226157+00	4
40								photo/anh-bong-hoa.jpg	f	f	t	1	5	39	2025-05-14 06:07:19.272983+00	2025-05-14 06:15:14.730066+00	4
48								photo/images.jpg	f	f	f	0	13	47	2025-05-14 06:07:20.786694+00	2025-05-14 06:07:20.920389+00	4
18								photo/trai-cay-tot-cho-suc-khoe-ngay-nang-nong-2-16833362785881800724341.png	f	f	t	1	17	17	2025-05-14 06:02:00.612916+00	2025-05-14 06:15:27.903588+00	2
41								photo/bmw-mau-hong.jpg	f	f	t	0	6	40	2025-05-14 06:07:19.409731+00	2025-05-14 06:07:46.13885+00	4
49								photo/pexels-lynxexotics-3764984.jpg	f	f	f	0	14	48	2025-05-14 06:07:20.92439+00	2025-05-14 06:07:21.62892+00	4
37								photo/99-hinh-anh-xe-do-va-gai-dep-cuc-chat-moi-nhat-2180-1.png	f	f	t	0	2	36	2025-05-14 06:07:18.790018+00	2025-05-14 06:08:02.780925+00	4
12								photo/khe.jpeg	f	f	t	1	11	11	2025-05-14 06:01:59.712221+00	2025-05-14 06:15:16.321097+00	2
47								photo/image19-1660292012-450-width949height717.png	f	f	t	0	12	46	2025-05-14 06:07:20.643024+00	2025-05-14 06:07:43.00421+00	4
\.


--
-- Data for Name: morisite_search_history; Type: TABLE DATA; Schema: public; Owner: admin
--

COPY public.morisite_search_history (id_search_history, search_query, search_type, search_date, liked_images, created_at, user_id) FROM stdin;
1	cam	normal	2025-05-14 06:02:46.402338+00	[{"name": "cam", "tags": "", "user": {"name": "Huy", "email": "Huy@gmail.com", "avatar": "/store/avatar/default_image/default.jpg", "id_user": 2}, "album": 2, "photo": "/store/photo/7f916ded027eef14543550b385a4306cqua-cam-1.jpg", "colors": "", "caption": "", "comments": [], "id_photo": 1, "location": "", "created_at": "2025-05-14 13:01:57", "like_count": 0, "updated_at": "2025-05-14 13:02:43", "album_title": "Tß║Ñt cß║ú", "description": "", "album_is_main": true, "objects_photo": "", "album_description": ""}]	2025-05-14 06:02:46.402338+00	2
2	tr├íi d╞░a	text	2025-05-14 06:03:17.245731+00	[{"name": "", "tags": "", "user": {"name": "Huy", "email": "Huy@gmail.com", "avatar": "/store/avatar/default_image/default.jpg", "id_user": 2}, "album": 2, "photo": "/store/photo/10-loai-trai-cay-cap-cuu-khi-bi-benh1.jpg", "colors": "", "caption": "", "comments": [], "id_photo": 2, "location": "", "created_at": "2025-05-14 13:01:58", "like_count": 0, "updated_at": "2025-05-14 13:02:13", "album_title": "Tß║Ñt cß║ú", "description": "", "album_is_main": true, "objects_photo": "", "album_description": ""}, {"name": "", "tags": "", "user": {"name": "Huy", "email": "Huy@gmail.com", "avatar": "/store/avatar/default_image/default.jpg", "id_user": 2}, "album": 2, "photo": "/store/photo/top-8-loai-trai-cay-thom-ngon-mat-bo-lai-giup-dep-da-2.jpg", "colors": "", "caption": "", "comments": [], "id_photo": 17, "location": "", "created_at": "2025-05-14 13:02:00", "like_count": 0, "updated_at": "2025-05-14 13:02:18", "album_title": "Tß║Ñt cß║ú", "description": "", "album_is_main": true, "objects_photo": "", "album_description": ""}, {"name": "", "tags": "", "user": {"name": "Huy", "email": "Huy@gmail.com", "avatar": "/store/avatar/default_image/default.jpg", "id_user": 2}, "album": 2, "photo": "/store/photo/dua-hau.jpg", "colors": "", "caption": "", "comments": [], "id_photo": 10, "location": "", "created_at": "2025-05-14 13:01:59", "like_count": 0, "updated_at": "2025-05-14 13:02:29", "album_title": "Tß║Ñt cß║ú", "description": "", "album_is_main": true, "objects_photo": "", "album_description": ""}, {"name": "", "tags": "", "user": {"name": "Huy", "email": "Huy@gmail.com", "avatar": "/store/avatar/default_image/default.jpg", "id_user": 2}, "album": 2, "photo": "/store/photo/khe.jpeg", "colors": "", "caption": "", "comments": [], "id_photo": 12, "location": "", "created_at": "2025-05-14 13:01:59", "like_count": 0, "updated_at": "2025-05-14 13:02:27", "album_title": "Tß║Ñt cß║ú", "description": "", "album_is_main": true, "objects_photo": "", "album_description": ""}, {"name": "cam", "tags": "", "user": {"name": "Huy", "email": "Huy@gmail.com", "avatar": "/store/avatar/default_image/default.jpg", "id_user": 2}, "album": 2, "photo": "/store/photo/7f916ded027eef14543550b385a4306cqua-cam-1.jpg", "colors": "", "caption": "", "comments": [], "id_photo": 1, "location": "", "created_at": "2025-05-14 13:01:57", "like_count": 0, "updated_at": "2025-05-14 13:02:43", "album_title": "Tß║Ñt cß║ú", "description": "", "album_is_main": true, "objects_photo": "", "album_description": ""}]	2025-05-14 06:03:17.245731+00	2
3	m├¿o	normal	2025-05-14 06:04:58.192188+00	[{"name": "m├¿o", "tags": "", "user": {"name": "Dien", "email": "Dien@gmail.com", "avatar": "/store/avatar/default_image/default.jpg", "id_user": 3}, "album": 3, "photo": "/store/photo/213a5222613e0f81ecb258806d975aa1.jpg", "colors": "", "caption": "", "comments": [], "id_photo": 21, "location": "", "created_at": "2025-05-14 13:04:13", "like_count": 0, "updated_at": "2025-05-14 13:04:54", "album_title": "Tß║Ñt cß║ú", "description": "", "album_is_main": true, "objects_photo": "", "album_description": ""}]	2025-05-14 06:04:58.192188+00	3
4	con m├¿o	text	2025-05-14 06:05:06.675307+00	[{"name": "", "tags": "", "user": {"name": "Dien", "email": "Dien@gmail.com", "avatar": "/store/avatar/default_image/default.jpg", "id_user": 3}, "album": 3, "photo": "/store/photo/177f1c13f0d2b0b8c96a462d4770978a.jpg", "colors": "", "caption": "", "comments": [], "id_photo": 20, "location": "", "created_at": "2025-05-14 13:04:12", "like_count": 0, "updated_at": "2025-05-14 13:04:13", "album_title": "Tß║Ñt cß║ú", "description": "", "album_is_main": true, "objects_photo": "", "album_description": ""}, {"name": "", "tags": "", "user": {"name": "Dien", "email": "Dien@gmail.com", "avatar": "/store/avatar/default_image/default.jpg", "id_user": 3}, "album": 3, "photo": "/store/photo/anh_dong_vat_3.jpg", "colors": "", "caption": "", "comments": [], "id_photo": 22, "location": "", "created_at": "2025-05-14 13:04:13", "like_count": 0, "updated_at": "2025-05-14 13:04:24", "album_title": "Tß║Ñt cß║ú", "description": "", "album_is_main": true, "objects_photo": "", "album_description": ""}, {"name": "", "tags": "", "user": {"name": "Dien", "email": "Dien@gmail.com", "avatar": "/store/avatar/default_image/default.jpg", "id_user": 3}, "album": 3, "photo": "/store/photo/anh-mo-ta.jpg", "colors": "", "caption": "", "comments": [], "id_photo": 25, "location": "", "created_at": "2025-05-14 13:04:13", "like_count": 0, "updated_at": "2025-05-14 13:04:28", "album_title": "Tß║Ñt cß║ú", "description": "", "album_is_main": true, "objects_photo": "", "album_description": ""}, {"name": "", "tags": "", "user": {"name": "Dien", "email": "Dien@gmail.com", "avatar": "/store/avatar/default_image/default.jpg", "id_user": 3}, "album": 3, "photo": "/store/photo/f2aa5275995e635770b24333fc1a48a3.jpg", "colors": "", "caption": "", "comments": [], "id_photo": 28, "location": "", "created_at": "2025-05-14 13:04:14", "like_count": 0, "updated_at": "2025-05-14 13:04:34", "album_title": "Tß║Ñt cß║ú", "description": "", "album_is_main": true, "objects_photo": "", "album_description": ""}, {"name": "m├¿o", "tags": "", "user": {"name": "Dien", "email": "Dien@gmail.com", "avatar": "/store/avatar/default_image/default.jpg", "id_user": 3}, "album": 3, "photo": "/store/photo/213a5222613e0f81ecb258806d975aa1.jpg", "colors": "", "caption": "", "comments": [], "id_photo": 21, "location": "", "created_at": "2025-05-14 13:04:13", "like_count": 0, "updated_at": "2025-05-14 13:04:54", "album_title": "Tß║Ñt cß║ú", "description": "", "album_is_main": true, "objects_photo": "", "album_description": ""}]	2025-05-14 06:05:06.675307+00	3
5	con gß║Ñu tr├║c	text	2025-05-14 06:05:23.172186+00	[{"name": "", "tags": "", "user": {"name": "Dien", "email": "Dien@gmail.com", "avatar": "/store/avatar/default_image/default.jpg", "id_user": 3}, "album": 3, "photo": "/store/photo/anh-dong-vat-73.jpg", "colors": "", "caption": "", "comments": [], "id_photo": 24, "location": "", "created_at": "2025-05-14 13:04:13", "like_count": 0, "updated_at": "2025-05-14 13:04:13", "album_title": "Tß║Ñt cß║ú", "description": "", "album_is_main": true, "objects_photo": "", "album_description": ""}, {"name": "", "tags": "", "user": {"name": "Dien", "email": "Dien@gmail.com", "avatar": "/store/avatar/default_image/default.jpg", "id_user": 3}, "album": 3, "photo": "/store/photo/hinh-anh-con-vat-18.jpg", "colors": "", "caption": "", "comments": [], "id_photo": 33, "location": "", "created_at": "2025-05-14 13:04:14", "like_count": 0, "updated_at": "2025-05-14 13:04:15", "album_title": "Tß║Ñt cß║ú", "description": "", "album_is_main": true, "objects_photo": "", "album_description": ""}, {"name": "", "tags": "", "user": {"name": "Dien", "email": "Dien@gmail.com", "avatar": "/store/avatar/default_image/default.jpg", "id_user": 3}, "album": 3, "photo": "/store/photo/ANI_-_073.jpg", "colors": "", "caption": "", "comments": [], "id_photo": 26, "location": "", "created_at": "2025-05-14 13:04:13", "like_count": 0, "updated_at": "2025-05-14 13:04:29", "album_title": "Tß║Ñt cß║ú", "description": "", "album_is_main": true, "objects_photo": "", "album_description": ""}, {"name": "", "tags": "", "user": {"name": "Dien", "email": "Dien@gmail.com", "avatar": "/store/avatar/default_image/default.jpg", "id_user": 3}, "album": 3, "photo": "/store/photo/hinh-anh-con-cho-cho-be-nhan-biet_093453721.jpg", "colors": "", "caption": "", "comments": [], "id_photo": 30, "location": "", "created_at": "2025-05-14 13:04:14", "like_count": 0, "updated_at": "2025-05-14 13:04:14", "album_title": "Tß║Ñt cß║ú", "description": "", "album_is_main": true, "objects_photo": "", "album_description": ""}, {"name": "m├¿o", "tags": "", "user": {"name": "Dien", "email": "Dien@gmail.com", "avatar": "/store/avatar/default_image/default.jpg", "id_user": 3}, "album": 3, "photo": "/store/photo/213a5222613e0f81ecb258806d975aa1.jpg", "colors": "", "caption": "", "comments": [], "id_photo": 21, "location": "", "created_at": "2025-05-14 13:04:13", "like_count": 0, "updated_at": "2025-05-14 13:04:54", "album_title": "Tß║Ñt cß║ú", "description": "", "album_is_main": true, "objects_photo": "", "album_description": ""}]	2025-05-14 06:05:23.172186+00	3
6	xe	text	2025-05-14 06:08:42.277704+00	[{"name": "", "tags": "", "user": {"name": "Meta", "email": "Meta@gmail.com", "avatar": "/store/avatar/default_image/default.jpg", "id_user": 4}, "album": 4, "photo": "/store/photo/49932658111_30214a4229_b.jpg", "colors": "", "caption": "", "comments": [], "id_photo": 39, "location": "", "created_at": "2025-05-14 13:07:19", "like_count": 0, "updated_at": "2025-05-14 13:08:07", "album_title": "Tß║Ñt cß║ú", "description": "", "album_is_main": true, "objects_photo": "", "album_description": ""}, {"name": "", "tags": "", "user": {"name": "Meta", "email": "Meta@gmail.com", "avatar": "/store/avatar/default_image/default.jpg", "id_user": 4}, "album": 4, "photo": "/store/photo/E1BAA2nh-siC3AAu-xe-Lamborghini-C491E1BAB9p-scaled.jpg", "colors": "", "caption": "", "comments": [], "id_photo": 43, "location": "", "created_at": "2025-05-14 13:07:19", "like_count": 0, "updated_at": "2025-05-14 13:08:16", "album_title": "Tß║Ñt cß║ú", "description": "", "album_is_main": true, "objects_photo": "", "album_description": ""}, {"name": "", "tags": "", "user": {"name": "Meta", "email": "Meta@gmail.com", "avatar": "/store/avatar/default_image/default.jpg", "id_user": 4}, "album": 4, "photo": "/store/photo/HC3ACnh-siC3AAu-xe-Lamborghini-cE1BBB1c-C491E1BAB9p-scaled.jpg", "colors": "", "caption": "", "comments": [], "id_photo": 46, "location": "", "created_at": "2025-05-14 13:07:20", "like_count": 0, "updated_at": "2025-05-14 13:08:24", "album_title": "Tß║Ñt cß║ú", "description": "", "album_is_main": true, "objects_photo": "", "album_description": ""}, {"name": "", "tags": "", "user": {"name": "Meta", "email": "Meta@gmail.com", "avatar": "/store/avatar/default_image/default.jpg", "id_user": 4}, "album": 4, "photo": "/store/photo/bmw-mau-hong.jpg", "colors": "", "caption": "", "comments": [], "id_photo": 41, "location": "", "created_at": "2025-05-14 13:07:19", "like_count": 0, "updated_at": "2025-05-14 13:07:46", "album_title": "Tß║Ñt cß║ú", "description": "", "album_is_main": true, "objects_photo": "", "album_description": ""}, {"name": "", "tags": "", "user": {"name": "Meta", "email": "Meta@gmail.com", "avatar": "/store/avatar/default_image/default.jpg", "id_user": 4}, "album": 4, "photo": "/store/photo/99-hinh-anh-xe-do-va-gai-dep-cuc-chat-moi-nhat-2180-12.jpg", "colors": "", "caption": "", "comments": [], "id_photo": 38, "location": "", "created_at": "2025-05-14 13:07:18", "like_count": 0, "updated_at": "2025-05-14 13:08:04", "album_title": "Tß║Ñt cß║ú", "description": "", "album_is_main": true, "objects_photo": "", "album_description": ""}]	2025-05-14 06:08:42.277704+00	4
7	g├íi	normal	2025-05-14 06:08:58.827267+00	[{"name": "g├íi", "tags": "", "user": {"name": "Meta", "email": "Meta@gmail.com", "avatar": "/store/avatar/default_image/default.jpg", "id_user": 4}, "album": 4, "photo": "/store/photo/99-hinh-anh-xe-do-va-gai-dep-cuc-chat-moi-nhat-2180-12.jpg", "colors": "", "caption": "", "comments": [], "id_photo": 38, "location": "", "created_at": "2025-05-14 13:07:18", "like_count": 0, "updated_at": "2025-05-14 13:08:56", "album_title": "Tß║Ñt cß║ú", "description": "", "album_is_main": true, "objects_photo": "", "album_description": ""}]	2025-05-14 06:08:58.827267+00	4
8	xe	text	2025-05-14 06:10:18.512464+00	[{"name": "", "tags": "", "user": {"name": "Huy", "email": "Huy@gmail.com", "avatar": "/store/avatar/default_image/default.jpg", "id_user": 2}, "photo": "/store/photo/4141_vYi.jpg", "colors": "", "caption": "", "comments": [], "id_photo": 4, "location": "", "created_at": "2025-05-14 13:01:58", "like_count": 0, "updated_at": "2025-05-14 13:02:17", "description": "", "objects_photo": ""}, {"name": "", "tags": "", "user": {"name": "Huy", "email": "Huy@gmail.com", "avatar": "/store/avatar/default_image/default.jpg", "id_user": 2}, "photo": "/store/photo/an-qua-nhieu-trai-cay-khong-tot-nhung-an-5-loai-qua-nay-cang-nhieu-cang-tot-cho-su_KtIlU91.jpg", "colors": "", "caption": "", "comments": [], "id_photo": 5, "location": "", "created_at": "2025-05-14 13:01:58", "like_count": 0, "updated_at": "2025-05-14 13:02:19", "description": "", "objects_photo": ""}, {"name": "", "tags": "", "user": {"name": "Huy", "email": "Huy@gmail.com", "avatar": "/store/avatar/default_image/default.jpg", "id_user": 2}, "photo": "/store/photo/khe.jpeg", "colors": "", "caption": "", "comments": [], "id_photo": 12, "location": "", "created_at": "2025-05-14 13:01:59", "like_count": 0, "updated_at": "2025-05-14 13:02:27", "description": "", "objects_photo": ""}]	2025-05-14 06:10:18.512464+00	4
9	con m├¿o	text	2025-05-14 06:10:37.469241+00	[{"name": "", "tags": "", "user": {"name": "Huy", "email": "Huy@gmail.com", "avatar": "/store/avatar/default_image/default.jpg", "id_user": 2}, "photo": "/store/photo/12-loai-trai-cay-tot-cho-tre-an-dam.jpg", "colors": "", "caption": "", "comments": [], "id_photo": 3, "location": "", "created_at": "2025-05-14 13:01:58", "like_count": 0, "updated_at": "2025-05-14 13:02:15", "description": "", "objects_photo": ""}, {"name": "", "tags": "", "user": {"name": "Huy", "email": "Huy@gmail.com", "avatar": "/store/avatar/default_image/default.jpg", "id_user": 2}, "photo": "/store/photo/4141_vYi.jpg", "colors": "", "caption": "", "comments": [], "id_photo": 4, "location": "", "created_at": "2025-05-14 13:01:58", "like_count": 0, "updated_at": "2025-05-14 13:02:17", "description": "", "objects_photo": ""}, {"name": "", "tags": "", "user": {"name": "Huy", "email": "Huy@gmail.com", "avatar": "/store/avatar/default_image/default.jpg", "id_user": 2}, "photo": "/store/photo/nhung-loai-trai-cay-tot-cho-nguoi-tap-the-hinh.jpg", "colors": "", "caption": "", "comments": [], "id_photo": 14, "location": "", "created_at": "2025-05-14 13:02:00", "like_count": 0, "updated_at": "2025-05-14 13:02:31", "description": "", "objects_photo": ""}]	2025-05-14 06:10:37.469241+00	4
10	con vß╗ït	text	2025-05-14 06:12:14.335904+00	[{"name": "", "tags": "", "user": {"name": "Huy", "email": "Huy@gmail.com", "avatar": "/store/avatar/default_image/default.jpg", "id_user": 2}, "photo": "/store/photo/10-loai-trai-cay-cap-cuu-khi-bi-benh1.jpg", "colors": "", "caption": "", "comments": [], "id_photo": 2, "location": "", "created_at": "2025-05-14 13:01:58", "like_count": 0, "updated_at": "2025-05-14 13:02:13", "description": "", "objects_photo": ""}, {"name": "", "tags": "", "user": {"name": "Huy", "email": "Huy@gmail.com", "avatar": "/store/avatar/default_image/default.jpg", "id_user": 2}, "photo": "/store/photo/12-loai-trai-cay-tot-cho-tre-an-dam.jpg", "colors": "", "caption": "", "comments": [], "id_photo": 3, "location": "", "created_at": "2025-05-14 13:01:58", "like_count": 0, "updated_at": "2025-05-14 13:02:15", "description": "", "objects_photo": ""}, {"name": "", "tags": "", "user": {"name": "Huy", "email": "Huy@gmail.com", "avatar": "/store/avatar/default_image/default.jpg", "id_user": 2}, "photo": "/store/photo/4141_vYi.jpg", "colors": "", "caption": "", "comments": [], "id_photo": 4, "location": "", "created_at": "2025-05-14 13:01:58", "like_count": 0, "updated_at": "2025-05-14 13:02:17", "description": "", "objects_photo": ""}, {"name": "", "tags": "", "user": {"name": "Huy", "email": "Huy@gmail.com", "avatar": "/store/avatar/default_image/default.jpg", "id_user": 2}, "photo": "/store/photo/nhung-loai-trai-cay-tot-cho-nguoi-tap-the-hinh.jpg", "colors": "", "caption": "", "comments": [], "id_photo": 14, "location": "", "created_at": "2025-05-14 13:02:00", "like_count": 0, "updated_at": "2025-05-14 13:02:31", "description": "", "objects_photo": ""}]	2025-05-14 06:12:14.335904+00	4
11	con m├¿o	text	2025-05-14 06:13:58.128123+00	[{"name": "", "tags": "", "user": {"name": "Huy", "email": "Huy@gmail.com", "avatar": "/store/avatar/default_image/default.jpg", "id_user": 2}, "photo": "/store/photo/10-loai-trai-cay-cap-cuu-khi-bi-benh1.jpg", "colors": "", "caption": "", "comments": [], "id_photo": 2, "location": "", "created_at": "2025-05-14 13:01:58", "like_count": 0, "updated_at": "2025-05-14 13:02:13", "description": "", "objects_photo": ""}, {"name": "", "tags": "", "user": {"name": "Huy", "email": "Huy@gmail.com", "avatar": "/store/avatar/default_image/default.jpg", "id_user": 2}, "photo": "/store/photo/12-loai-trai-cay-tot-cho-tre-an-dam.jpg", "colors": "", "caption": "", "comments": [], "id_photo": 3, "location": "", "created_at": "2025-05-14 13:01:58", "like_count": 0, "updated_at": "2025-05-14 13:02:15", "description": "", "objects_photo": ""}, {"name": "", "tags": "", "user": {"name": "Huy", "email": "Huy@gmail.com", "avatar": "/store/avatar/default_image/default.jpg", "id_user": 2}, "photo": "/store/photo/4141_vYi.jpg", "colors": "", "caption": "", "comments": [], "id_photo": 4, "location": "", "created_at": "2025-05-14 13:01:58", "like_count": 0, "updated_at": "2025-05-14 13:02:17", "description": "", "objects_photo": ""}, {"name": "", "tags": "", "user": {"name": "Huy", "email": "Huy@gmail.com", "avatar": "/store/avatar/default_image/default.jpg", "id_user": 2}, "photo": "/store/photo/dua-hau.jpg", "colors": "", "caption": "", "comments": [], "id_photo": 10, "location": "", "created_at": "2025-05-14 13:01:59", "like_count": 0, "updated_at": "2025-05-14 13:02:29", "description": "", "objects_photo": ""}]	2025-05-14 06:13:58.128123+00	3
\.


--
-- Data for Name: morisite_trash; Type: TABLE DATA; Schema: public; Owner: admin
--

COPY public.morisite_trash (id_trash, deleted_at, created_at, photo_id, user_id) FROM stdin;
\.


--
-- Data for Name: morisite_user; Type: TABLE DATA; Schema: public; Owner: admin
--

COPY public.morisite_user (password, last_login, is_superuser, id_user, name, email, created_at, updated_at, is_email, is_active, is_staff) FROM stdin;
pbkdf2_sha256$870000$LIsM6P8xmyuccYu0fhoNQk$7+LDPZ5PEtR29j2PZ4+vVB0jsuYCcinDvskT3GIj7EY=	2025-05-14 06:01:01.716007+00	t	1	Mori	Mori@gmail.com	2025-05-14 06:00:25.540036+00	2025-05-14 06:00:25.540036+00	f	t	t
pbkdf2_sha256$870000$bA4mxknRfFx6O6xhV2uEMk$D71WZ1O/kHmjVQJmveejCZ3TYAzONKz2ECZFRjAZifs=	2025-05-14 06:06:56.394087+00	f	4	Meta	Meta@gmail.com	2025-05-14 06:06:47.820208+00	2025-05-14 06:06:47.820208+00	f	t	f
pbkdf2_sha256$870000$N0Gr5Tbpdh574LNkzuFJuF$TkyQ7ixUs3OmaWkuy6T1XpKYIHpev3W6IXNxpmHJZ+U=	2025-05-14 06:13:07.114841+00	f	3	Dien	Dien@gmail.com	2025-05-14 06:03:43.709863+00	2025-05-14 06:03:43.709863+00	f	t	f
pbkdf2_sha256$870000$DLBePXdyfoI1UgpWKnCAMT$3v1zBz2seSL0PzIhK5PesnHco8axnRk8ONxsVToCc0Y=	2025-05-14 06:14:18.212742+00	f	2	Huy	Huy@gmail.com	2025-05-14 06:01:34.241479+00	2025-05-14 06:01:34.241479+00	f	t	f
\.


--
-- Data for Name: morisite_user_groups; Type: TABLE DATA; Schema: public; Owner: admin
--

COPY public.morisite_user_groups (id, user_id, group_id) FROM stdin;
\.


--
-- Data for Name: morisite_user_user_permissions; Type: TABLE DATA; Schema: public; Owner: admin
--

COPY public.morisite_user_user_permissions (id, user_id, permission_id) FROM stdin;
\.


--
-- Data for Name: socialaccount_socialaccount; Type: TABLE DATA; Schema: public; Owner: admin
--

COPY public.socialaccount_socialaccount (id, provider, uid, last_login, date_joined, extra_data, user_id) FROM stdin;
\.


--
-- Data for Name: socialaccount_socialapp; Type: TABLE DATA; Schema: public; Owner: admin
--

COPY public.socialaccount_socialapp (id, provider, name, client_id, secret, key, provider_id, settings) FROM stdin;
\.


--
-- Data for Name: socialaccount_socialapp_sites; Type: TABLE DATA; Schema: public; Owner: admin
--

COPY public.socialaccount_socialapp_sites (id, socialapp_id, site_id) FROM stdin;
\.


--
-- Data for Name: socialaccount_socialtoken; Type: TABLE DATA; Schema: public; Owner: admin
--

COPY public.socialaccount_socialtoken (id, token, token_secret, expires_at, account_id, app_id) FROM stdin;
\.


--
-- Name: account_emailaddress_id_seq; Type: SEQUENCE SET; Schema: public; Owner: admin
--

SELECT pg_catalog.setval('public.account_emailaddress_id_seq', 1, false);


--
-- Name: account_emailconfirmation_id_seq; Type: SEQUENCE SET; Schema: public; Owner: admin
--

SELECT pg_catalog.setval('public.account_emailconfirmation_id_seq', 1, false);


--
-- Name: auth_group_id_seq; Type: SEQUENCE SET; Schema: public; Owner: admin
--

SELECT pg_catalog.setval('public.auth_group_id_seq', 1, false);


--
-- Name: auth_group_permissions_id_seq; Type: SEQUENCE SET; Schema: public; Owner: admin
--

SELECT pg_catalog.setval('public.auth_group_permissions_id_seq', 1, false);


--
-- Name: auth_permission_id_seq; Type: SEQUENCE SET; Schema: public; Owner: admin
--

SELECT pg_catalog.setval('public.auth_permission_id_seq', 88, true);


--
-- Name: django_admin_log_id_seq; Type: SEQUENCE SET; Schema: public; Owner: admin
--

SELECT pg_catalog.setval('public.django_admin_log_id_seq', 1, false);


--
-- Name: django_content_type_id_seq; Type: SEQUENCE SET; Schema: public; Owner: admin
--

SELECT pg_catalog.setval('public.django_content_type_id_seq', 22, true);


--
-- Name: django_migrations_id_seq; Type: SEQUENCE SET; Schema: public; Owner: admin
--

SELECT pg_catalog.setval('public.django_migrations_id_seq', 45, true);


--
-- Name: django_site_id_seq; Type: SEQUENCE SET; Schema: public; Owner: admin
--

SELECT pg_catalog.setval('public.django_site_id_seq', 1, true);


--
-- Name: morisite_album_id_album_seq; Type: SEQUENCE SET; Schema: public; Owner: admin
--

SELECT pg_catalog.setval('public.morisite_album_id_album_seq', 4, true);


--
-- Name: morisite_avatar_id_avatar_seq; Type: SEQUENCE SET; Schema: public; Owner: admin
--

SELECT pg_catalog.setval('public.morisite_avatar_id_avatar_seq', 4, true);


--
-- Name: morisite_comment_id_comment_seq; Type: SEQUENCE SET; Schema: public; Owner: admin
--

SELECT pg_catalog.setval('public.morisite_comment_id_comment_seq', 9, true);


--
-- Name: morisite_favorite_id_favorite_seq; Type: SEQUENCE SET; Schema: public; Owner: admin
--

SELECT pg_catalog.setval('public.morisite_favorite_id_favorite_seq', 1, false);


--
-- Name: morisite_like_id_like_seq; Type: SEQUENCE SET; Schema: public; Owner: admin
--

SELECT pg_catalog.setval('public.morisite_like_id_like_seq', 7, true);


--
-- Name: morisite_notification_id_notification_seq; Type: SEQUENCE SET; Schema: public; Owner: admin
--

SELECT pg_catalog.setval('public.morisite_notification_id_notification_seq', 12, true);


--
-- Name: morisite_photo_id_photo_seq; Type: SEQUENCE SET; Schema: public; Owner: admin
--

SELECT pg_catalog.setval('public.morisite_photo_id_photo_seq', 51, true);


--
-- Name: morisite_search_history_id_search_history_seq; Type: SEQUENCE SET; Schema: public; Owner: admin
--

SELECT pg_catalog.setval('public.morisite_search_history_id_search_history_seq', 11, true);


--
-- Name: morisite_trash_id_trash_seq; Type: SEQUENCE SET; Schema: public; Owner: admin
--

SELECT pg_catalog.setval('public.morisite_trash_id_trash_seq', 1, false);


--
-- Name: morisite_user_groups_id_seq; Type: SEQUENCE SET; Schema: public; Owner: admin
--

SELECT pg_catalog.setval('public.morisite_user_groups_id_seq', 1, false);


--
-- Name: morisite_user_id_user_seq; Type: SEQUENCE SET; Schema: public; Owner: admin
--

SELECT pg_catalog.setval('public.morisite_user_id_user_seq', 4, true);


--
-- Name: morisite_user_user_permissions_id_seq; Type: SEQUENCE SET; Schema: public; Owner: admin
--

SELECT pg_catalog.setval('public.morisite_user_user_permissions_id_seq', 1, false);


--
-- Name: socialaccount_socialaccount_id_seq; Type: SEQUENCE SET; Schema: public; Owner: admin
--

SELECT pg_catalog.setval('public.socialaccount_socialaccount_id_seq', 1, false);


--
-- Name: socialaccount_socialapp_id_seq; Type: SEQUENCE SET; Schema: public; Owner: admin
--

SELECT pg_catalog.setval('public.socialaccount_socialapp_id_seq', 1, false);


--
-- Name: socialaccount_socialapp_sites_id_seq; Type: SEQUENCE SET; Schema: public; Owner: admin
--

SELECT pg_catalog.setval('public.socialaccount_socialapp_sites_id_seq', 1, false);


--
-- Name: socialaccount_socialtoken_id_seq; Type: SEQUENCE SET; Schema: public; Owner: admin
--

SELECT pg_catalog.setval('public.socialaccount_socialtoken_id_seq', 1, false);


--
-- Name: account_emailaddress account_emailaddress_pkey; Type: CONSTRAINT; Schema: public; Owner: admin
--

ALTER TABLE ONLY public.account_emailaddress
    ADD CONSTRAINT account_emailaddress_pkey PRIMARY KEY (id);


--
-- Name: account_emailaddress account_emailaddress_user_id_email_987c8728_uniq; Type: CONSTRAINT; Schema: public; Owner: admin
--

ALTER TABLE ONLY public.account_emailaddress
    ADD CONSTRAINT account_emailaddress_user_id_email_987c8728_uniq UNIQUE (user_id, email);


--
-- Name: account_emailconfirmation account_emailconfirmation_key_key; Type: CONSTRAINT; Schema: public; Owner: admin
--

ALTER TABLE ONLY public.account_emailconfirmation
    ADD CONSTRAINT account_emailconfirmation_key_key UNIQUE (key);


--
-- Name: account_emailconfirmation account_emailconfirmation_pkey; Type: CONSTRAINT; Schema: public; Owner: admin
--

ALTER TABLE ONLY public.account_emailconfirmation
    ADD CONSTRAINT account_emailconfirmation_pkey PRIMARY KEY (id);


--
-- Name: auth_group auth_group_name_key; Type: CONSTRAINT; Schema: public; Owner: admin
--

ALTER TABLE ONLY public.auth_group
    ADD CONSTRAINT auth_group_name_key UNIQUE (name);


--
-- Name: auth_group_permissions auth_group_permissions_group_id_permission_id_0cd325b0_uniq; Type: CONSTRAINT; Schema: public; Owner: admin
--

ALTER TABLE ONLY public.auth_group_permissions
    ADD CONSTRAINT auth_group_permissions_group_id_permission_id_0cd325b0_uniq UNIQUE (group_id, permission_id);


--
-- Name: auth_group_permissions auth_group_permissions_pkey; Type: CONSTRAINT; Schema: public; Owner: admin
--

ALTER TABLE ONLY public.auth_group_permissions
    ADD CONSTRAINT auth_group_permissions_pkey PRIMARY KEY (id);


--
-- Name: auth_group auth_group_pkey; Type: CONSTRAINT; Schema: public; Owner: admin
--

ALTER TABLE ONLY public.auth_group
    ADD CONSTRAINT auth_group_pkey PRIMARY KEY (id);


--
-- Name: auth_permission auth_permission_content_type_id_codename_01ab375a_uniq; Type: CONSTRAINT; Schema: public; Owner: admin
--

ALTER TABLE ONLY public.auth_permission
    ADD CONSTRAINT auth_permission_content_type_id_codename_01ab375a_uniq UNIQUE (content_type_id, codename);


--
-- Name: auth_permission auth_permission_pkey; Type: CONSTRAINT; Schema: public; Owner: admin
--

ALTER TABLE ONLY public.auth_permission
    ADD CONSTRAINT auth_permission_pkey PRIMARY KEY (id);


--
-- Name: django_admin_log django_admin_log_pkey; Type: CONSTRAINT; Schema: public; Owner: admin
--

ALTER TABLE ONLY public.django_admin_log
    ADD CONSTRAINT django_admin_log_pkey PRIMARY KEY (id);


--
-- Name: django_content_type django_content_type_app_label_model_76bd3d3b_uniq; Type: CONSTRAINT; Schema: public; Owner: admin
--

ALTER TABLE ONLY public.django_content_type
    ADD CONSTRAINT django_content_type_app_label_model_76bd3d3b_uniq UNIQUE (app_label, model);


--
-- Name: django_content_type django_content_type_pkey; Type: CONSTRAINT; Schema: public; Owner: admin
--

ALTER TABLE ONLY public.django_content_type
    ADD CONSTRAINT django_content_type_pkey PRIMARY KEY (id);


--
-- Name: django_migrations django_migrations_pkey; Type: CONSTRAINT; Schema: public; Owner: admin
--

ALTER TABLE ONLY public.django_migrations
    ADD CONSTRAINT django_migrations_pkey PRIMARY KEY (id);


--
-- Name: django_session django_session_pkey; Type: CONSTRAINT; Schema: public; Owner: admin
--

ALTER TABLE ONLY public.django_session
    ADD CONSTRAINT django_session_pkey PRIMARY KEY (session_key);


--
-- Name: django_site django_site_domain_a2e37b91_uniq; Type: CONSTRAINT; Schema: public; Owner: admin
--

ALTER TABLE ONLY public.django_site
    ADD CONSTRAINT django_site_domain_a2e37b91_uniq UNIQUE (domain);


--
-- Name: django_site django_site_pkey; Type: CONSTRAINT; Schema: public; Owner: admin
--

ALTER TABLE ONLY public.django_site
    ADD CONSTRAINT django_site_pkey PRIMARY KEY (id);


--
-- Name: knox_authtoken knox_authtoken_pkey; Type: CONSTRAINT; Schema: public; Owner: admin
--

ALTER TABLE ONLY public.knox_authtoken
    ADD CONSTRAINT knox_authtoken_pkey PRIMARY KEY (digest);


--
-- Name: morisite_album morisite_album_pkey; Type: CONSTRAINT; Schema: public; Owner: admin
--

ALTER TABLE ONLY public.morisite_album
    ADD CONSTRAINT morisite_album_pkey PRIMARY KEY (id_album);


--
-- Name: morisite_avatar morisite_avatar_pkey; Type: CONSTRAINT; Schema: public; Owner: admin
--

ALTER TABLE ONLY public.morisite_avatar
    ADD CONSTRAINT morisite_avatar_pkey PRIMARY KEY (id_avatar);


--
-- Name: morisite_avatar morisite_avatar_user_id_key; Type: CONSTRAINT; Schema: public; Owner: admin
--

ALTER TABLE ONLY public.morisite_avatar
    ADD CONSTRAINT morisite_avatar_user_id_key UNIQUE (user_id);


--
-- Name: morisite_comment morisite_comment_pkey; Type: CONSTRAINT; Schema: public; Owner: admin
--

ALTER TABLE ONLY public.morisite_comment
    ADD CONSTRAINT morisite_comment_pkey PRIMARY KEY (id_comment);


--
-- Name: morisite_favorite morisite_favorite_pkey; Type: CONSTRAINT; Schema: public; Owner: admin
--

ALTER TABLE ONLY public.morisite_favorite
    ADD CONSTRAINT morisite_favorite_pkey PRIMARY KEY (id_favorite);


--
-- Name: morisite_like morisite_like_pkey; Type: CONSTRAINT; Schema: public; Owner: admin
--

ALTER TABLE ONLY public.morisite_like
    ADD CONSTRAINT morisite_like_pkey PRIMARY KEY (id_like);


--
-- Name: morisite_notification morisite_notification_pkey; Type: CONSTRAINT; Schema: public; Owner: admin
--

ALTER TABLE ONLY public.morisite_notification
    ADD CONSTRAINT morisite_notification_pkey PRIMARY KEY (id_notification);


--
-- Name: morisite_photo morisite_photo_pkey; Type: CONSTRAINT; Schema: public; Owner: admin
--

ALTER TABLE ONLY public.morisite_photo
    ADD CONSTRAINT morisite_photo_pkey PRIMARY KEY (id_photo);


--
-- Name: morisite_search_history morisite_search_history_pkey; Type: CONSTRAINT; Schema: public; Owner: admin
--

ALTER TABLE ONLY public.morisite_search_history
    ADD CONSTRAINT morisite_search_history_pkey PRIMARY KEY (id_search_history);


--
-- Name: morisite_trash morisite_trash_pkey; Type: CONSTRAINT; Schema: public; Owner: admin
--

ALTER TABLE ONLY public.morisite_trash
    ADD CONSTRAINT morisite_trash_pkey PRIMARY KEY (id_trash);


--
-- Name: morisite_user morisite_user_email_key; Type: CONSTRAINT; Schema: public; Owner: admin
--

ALTER TABLE ONLY public.morisite_user
    ADD CONSTRAINT morisite_user_email_key UNIQUE (email);


--
-- Name: morisite_user_groups morisite_user_groups_pkey; Type: CONSTRAINT; Schema: public; Owner: admin
--

ALTER TABLE ONLY public.morisite_user_groups
    ADD CONSTRAINT morisite_user_groups_pkey PRIMARY KEY (id);


--
-- Name: morisite_user_groups morisite_user_groups_user_id_group_id_75c08144_uniq; Type: CONSTRAINT; Schema: public; Owner: admin
--

ALTER TABLE ONLY public.morisite_user_groups
    ADD CONSTRAINT morisite_user_groups_user_id_group_id_75c08144_uniq UNIQUE (user_id, group_id);


--
-- Name: morisite_user morisite_user_pkey; Type: CONSTRAINT; Schema: public; Owner: admin
--

ALTER TABLE ONLY public.morisite_user
    ADD CONSTRAINT morisite_user_pkey PRIMARY KEY (id_user);


--
-- Name: morisite_user_user_permissions morisite_user_user_permi_user_id_permission_id_b9603337_uniq; Type: CONSTRAINT; Schema: public; Owner: admin
--

ALTER TABLE ONLY public.morisite_user_user_permissions
    ADD CONSTRAINT morisite_user_user_permi_user_id_permission_id_b9603337_uniq UNIQUE (user_id, permission_id);


--
-- Name: morisite_user_user_permissions morisite_user_user_permissions_pkey; Type: CONSTRAINT; Schema: public; Owner: admin
--

ALTER TABLE ONLY public.morisite_user_user_permissions
    ADD CONSTRAINT morisite_user_user_permissions_pkey PRIMARY KEY (id);


--
-- Name: socialaccount_socialaccount socialaccount_socialaccount_pkey; Type: CONSTRAINT; Schema: public; Owner: admin
--

ALTER TABLE ONLY public.socialaccount_socialaccount
    ADD CONSTRAINT socialaccount_socialaccount_pkey PRIMARY KEY (id);


--
-- Name: socialaccount_socialaccount socialaccount_socialaccount_provider_uid_fc810c6e_uniq; Type: CONSTRAINT; Schema: public; Owner: admin
--

ALTER TABLE ONLY public.socialaccount_socialaccount
    ADD CONSTRAINT socialaccount_socialaccount_provider_uid_fc810c6e_uniq UNIQUE (provider, uid);


--
-- Name: socialaccount_socialapp_sites socialaccount_socialapp__socialapp_id_site_id_71a9a768_uniq; Type: CONSTRAINT; Schema: public; Owner: admin
--

ALTER TABLE ONLY public.socialaccount_socialapp_sites
    ADD CONSTRAINT socialaccount_socialapp__socialapp_id_site_id_71a9a768_uniq UNIQUE (socialapp_id, site_id);


--
-- Name: socialaccount_socialapp socialaccount_socialapp_pkey; Type: CONSTRAINT; Schema: public; Owner: admin
--

ALTER TABLE ONLY public.socialaccount_socialapp
    ADD CONSTRAINT socialaccount_socialapp_pkey PRIMARY KEY (id);


--
-- Name: socialaccount_socialapp_sites socialaccount_socialapp_sites_pkey; Type: CONSTRAINT; Schema: public; Owner: admin
--

ALTER TABLE ONLY public.socialaccount_socialapp_sites
    ADD CONSTRAINT socialaccount_socialapp_sites_pkey PRIMARY KEY (id);


--
-- Name: socialaccount_socialtoken socialaccount_socialtoken_app_id_account_id_fca4e0ac_uniq; Type: CONSTRAINT; Schema: public; Owner: admin
--

ALTER TABLE ONLY public.socialaccount_socialtoken
    ADD CONSTRAINT socialaccount_socialtoken_app_id_account_id_fca4e0ac_uniq UNIQUE (app_id, account_id);


--
-- Name: socialaccount_socialtoken socialaccount_socialtoken_pkey; Type: CONSTRAINT; Schema: public; Owner: admin
--

ALTER TABLE ONLY public.socialaccount_socialtoken
    ADD CONSTRAINT socialaccount_socialtoken_pkey PRIMARY KEY (id);


--
-- Name: account_emailaddress_email_03be32b2; Type: INDEX; Schema: public; Owner: admin
--

CREATE INDEX account_emailaddress_email_03be32b2 ON public.account_emailaddress USING btree (email);


--
-- Name: account_emailaddress_email_03be32b2_like; Type: INDEX; Schema: public; Owner: admin
--

CREATE INDEX account_emailaddress_email_03be32b2_like ON public.account_emailaddress USING btree (email varchar_pattern_ops);


--
-- Name: account_emailaddress_user_id_2c513194; Type: INDEX; Schema: public; Owner: admin
--

CREATE INDEX account_emailaddress_user_id_2c513194 ON public.account_emailaddress USING btree (user_id);


--
-- Name: account_emailconfirmation_email_address_id_5b7f8c58; Type: INDEX; Schema: public; Owner: admin
--

CREATE INDEX account_emailconfirmation_email_address_id_5b7f8c58 ON public.account_emailconfirmation USING btree (email_address_id);


--
-- Name: account_emailconfirmation_key_f43612bd_like; Type: INDEX; Schema: public; Owner: admin
--

CREATE INDEX account_emailconfirmation_key_f43612bd_like ON public.account_emailconfirmation USING btree (key varchar_pattern_ops);


--
-- Name: auth_group_name_a6ea08ec_like; Type: INDEX; Schema: public; Owner: admin
--

CREATE INDEX auth_group_name_a6ea08ec_like ON public.auth_group USING btree (name varchar_pattern_ops);


--
-- Name: auth_group_permissions_group_id_b120cbf9; Type: INDEX; Schema: public; Owner: admin
--

CREATE INDEX auth_group_permissions_group_id_b120cbf9 ON public.auth_group_permissions USING btree (group_id);


--
-- Name: auth_group_permissions_permission_id_84c5c92e; Type: INDEX; Schema: public; Owner: admin
--

CREATE INDEX auth_group_permissions_permission_id_84c5c92e ON public.auth_group_permissions USING btree (permission_id);


--
-- Name: auth_permission_content_type_id_2f476e4b; Type: INDEX; Schema: public; Owner: admin
--

CREATE INDEX auth_permission_content_type_id_2f476e4b ON public.auth_permission USING btree (content_type_id);


--
-- Name: django_admin_log_content_type_id_c4bce8eb; Type: INDEX; Schema: public; Owner: admin
--

CREATE INDEX django_admin_log_content_type_id_c4bce8eb ON public.django_admin_log USING btree (content_type_id);


--
-- Name: django_admin_log_user_id_c564eba6; Type: INDEX; Schema: public; Owner: admin
--

CREATE INDEX django_admin_log_user_id_c564eba6 ON public.django_admin_log USING btree (user_id);


--
-- Name: django_session_expire_date_a5c62663; Type: INDEX; Schema: public; Owner: admin
--

CREATE INDEX django_session_expire_date_a5c62663 ON public.django_session USING btree (expire_date);


--
-- Name: django_session_session_key_c0390e0f_like; Type: INDEX; Schema: public; Owner: admin
--

CREATE INDEX django_session_session_key_c0390e0f_like ON public.django_session USING btree (session_key varchar_pattern_ops);


--
-- Name: django_site_domain_a2e37b91_like; Type: INDEX; Schema: public; Owner: admin
--

CREATE INDEX django_site_domain_a2e37b91_like ON public.django_site USING btree (domain varchar_pattern_ops);


--
-- Name: knox_authtoken_digest_188c7e77_like; Type: INDEX; Schema: public; Owner: admin
--

CREATE INDEX knox_authtoken_digest_188c7e77_like ON public.knox_authtoken USING btree (digest varchar_pattern_ops);


--
-- Name: knox_authtoken_token_key_8f4f7d47; Type: INDEX; Schema: public; Owner: admin
--

CREATE INDEX knox_authtoken_token_key_8f4f7d47 ON public.knox_authtoken USING btree (token_key);


--
-- Name: knox_authtoken_token_key_8f4f7d47_like; Type: INDEX; Schema: public; Owner: admin
--

CREATE INDEX knox_authtoken_token_key_8f4f7d47_like ON public.knox_authtoken USING btree (token_key varchar_pattern_ops);


--
-- Name: knox_authtoken_user_id_e5a5d899; Type: INDEX; Schema: public; Owner: admin
--

CREATE INDEX knox_authtoken_user_id_e5a5d899 ON public.knox_authtoken USING btree (user_id);


--
-- Name: morisite_album_user_id_c34dc145; Type: INDEX; Schema: public; Owner: admin
--

CREATE INDEX morisite_album_user_id_c34dc145 ON public.morisite_album USING btree (user_id);


--
-- Name: morisite_comment_parent_comment_id_b3bdff74; Type: INDEX; Schema: public; Owner: admin
--

CREATE INDEX morisite_comment_parent_comment_id_b3bdff74 ON public.morisite_comment USING btree (parent_comment_id);


--
-- Name: morisite_comment_photo_id_8cfadeea; Type: INDEX; Schema: public; Owner: admin
--

CREATE INDEX morisite_comment_photo_id_8cfadeea ON public.morisite_comment USING btree (photo_id);


--
-- Name: morisite_comment_user_id_20880cab; Type: INDEX; Schema: public; Owner: admin
--

CREATE INDEX morisite_comment_user_id_20880cab ON public.morisite_comment USING btree (user_id);


--
-- Name: morisite_favorite_photo_id_8bf55378; Type: INDEX; Schema: public; Owner: admin
--

CREATE INDEX morisite_favorite_photo_id_8bf55378 ON public.morisite_favorite USING btree (photo_id);


--
-- Name: morisite_like_photo_id_95befee0; Type: INDEX; Schema: public; Owner: admin
--

CREATE INDEX morisite_like_photo_id_95befee0 ON public.morisite_like USING btree (photo_id);


--
-- Name: morisite_like_user_id_717239c3; Type: INDEX; Schema: public; Owner: admin
--

CREATE INDEX morisite_like_user_id_717239c3 ON public.morisite_like USING btree (user_id);


--
-- Name: morisite_notification_comment_id_5dab62ba; Type: INDEX; Schema: public; Owner: admin
--

CREATE INDEX morisite_notification_comment_id_5dab62ba ON public.morisite_notification USING btree (comment_id);


--
-- Name: morisite_notification_photo_id_cfde97ff; Type: INDEX; Schema: public; Owner: admin
--

CREATE INDEX morisite_notification_photo_id_cfde97ff ON public.morisite_notification USING btree (photo_id);


--
-- Name: morisite_notification_recipient_id_126e153a; Type: INDEX; Schema: public; Owner: admin
--

CREATE INDEX morisite_notification_recipient_id_126e153a ON public.morisite_notification USING btree (recipient_id);


--
-- Name: morisite_notification_sender_id_016fda30; Type: INDEX; Schema: public; Owner: admin
--

CREATE INDEX morisite_notification_sender_id_016fda30 ON public.morisite_notification USING btree (sender_id);


--
-- Name: morisite_photo_album_id_f23e2713; Type: INDEX; Schema: public; Owner: admin
--

CREATE INDEX morisite_photo_album_id_f23e2713 ON public.morisite_photo USING btree (album_id);


--
-- Name: morisite_search_history_user_id_99a5cb0d; Type: INDEX; Schema: public; Owner: admin
--

CREATE INDEX morisite_search_history_user_id_99a5cb0d ON public.morisite_search_history USING btree (user_id);


--
-- Name: morisite_trash_photo_id_c764868e; Type: INDEX; Schema: public; Owner: admin
--

CREATE INDEX morisite_trash_photo_id_c764868e ON public.morisite_trash USING btree (photo_id);


--
-- Name: morisite_trash_user_id_7e6a7dac; Type: INDEX; Schema: public; Owner: admin
--

CREATE INDEX morisite_trash_user_id_7e6a7dac ON public.morisite_trash USING btree (user_id);


--
-- Name: morisite_user_email_4eb40559_like; Type: INDEX; Schema: public; Owner: admin
--

CREATE INDEX morisite_user_email_4eb40559_like ON public.morisite_user USING btree (email varchar_pattern_ops);


--
-- Name: morisite_user_groups_group_id_847606b0; Type: INDEX; Schema: public; Owner: admin
--

CREATE INDEX morisite_user_groups_group_id_847606b0 ON public.morisite_user_groups USING btree (group_id);


--
-- Name: morisite_user_groups_user_id_ec514cfd; Type: INDEX; Schema: public; Owner: admin
--

CREATE INDEX morisite_user_groups_user_id_ec514cfd ON public.morisite_user_groups USING btree (user_id);


--
-- Name: morisite_user_user_permissions_permission_id_85fabb28; Type: INDEX; Schema: public; Owner: admin
--

CREATE INDEX morisite_user_user_permissions_permission_id_85fabb28 ON public.morisite_user_user_permissions USING btree (permission_id);


--
-- Name: morisite_user_user_permissions_user_id_fce9ba58; Type: INDEX; Schema: public; Owner: admin
--

CREATE INDEX morisite_user_user_permissions_user_id_fce9ba58 ON public.morisite_user_user_permissions USING btree (user_id);


--
-- Name: socialaccount_socialaccount_user_id_8146e70c; Type: INDEX; Schema: public; Owner: admin
--

CREATE INDEX socialaccount_socialaccount_user_id_8146e70c ON public.socialaccount_socialaccount USING btree (user_id);


--
-- Name: socialaccount_socialapp_sites_site_id_2579dee5; Type: INDEX; Schema: public; Owner: admin
--

CREATE INDEX socialaccount_socialapp_sites_site_id_2579dee5 ON public.socialaccount_socialapp_sites USING btree (site_id);


--
-- Name: socialaccount_socialapp_sites_socialapp_id_97fb6e7d; Type: INDEX; Schema: public; Owner: admin
--

CREATE INDEX socialaccount_socialapp_sites_socialapp_id_97fb6e7d ON public.socialaccount_socialapp_sites USING btree (socialapp_id);


--
-- Name: socialaccount_socialtoken_account_id_951f210e; Type: INDEX; Schema: public; Owner: admin
--

CREATE INDEX socialaccount_socialtoken_account_id_951f210e ON public.socialaccount_socialtoken USING btree (account_id);


--
-- Name: socialaccount_socialtoken_app_id_636a42d7; Type: INDEX; Schema: public; Owner: admin
--

CREATE INDEX socialaccount_socialtoken_app_id_636a42d7 ON public.socialaccount_socialtoken USING btree (app_id);


--
-- Name: unique_primary_email; Type: INDEX; Schema: public; Owner: admin
--

CREATE UNIQUE INDEX unique_primary_email ON public.account_emailaddress USING btree (user_id, "primary") WHERE "primary";


--
-- Name: unique_verified_email; Type: INDEX; Schema: public; Owner: admin
--

CREATE UNIQUE INDEX unique_verified_email ON public.account_emailaddress USING btree (email) WHERE verified;


--
-- Name: account_emailaddress account_emailaddress_user_id_2c513194_fk_morisite_user_id_user; Type: FK CONSTRAINT; Schema: public; Owner: admin
--

ALTER TABLE ONLY public.account_emailaddress
    ADD CONSTRAINT account_emailaddress_user_id_2c513194_fk_morisite_user_id_user FOREIGN KEY (user_id) REFERENCES public.morisite_user(id_user) DEFERRABLE INITIALLY DEFERRED;


--
-- Name: account_emailconfirmation account_emailconfirm_email_address_id_5b7f8c58_fk_account_e; Type: FK CONSTRAINT; Schema: public; Owner: admin
--

ALTER TABLE ONLY public.account_emailconfirmation
    ADD CONSTRAINT account_emailconfirm_email_address_id_5b7f8c58_fk_account_e FOREIGN KEY (email_address_id) REFERENCES public.account_emailaddress(id) DEFERRABLE INITIALLY DEFERRED;


--
-- Name: auth_group_permissions auth_group_permissio_permission_id_84c5c92e_fk_auth_perm; Type: FK CONSTRAINT; Schema: public; Owner: admin
--

ALTER TABLE ONLY public.auth_group_permissions
    ADD CONSTRAINT auth_group_permissio_permission_id_84c5c92e_fk_auth_perm FOREIGN KEY (permission_id) REFERENCES public.auth_permission(id) DEFERRABLE INITIALLY DEFERRED;


--
-- Name: auth_group_permissions auth_group_permissions_group_id_b120cbf9_fk_auth_group_id; Type: FK CONSTRAINT; Schema: public; Owner: admin
--

ALTER TABLE ONLY public.auth_group_permissions
    ADD CONSTRAINT auth_group_permissions_group_id_b120cbf9_fk_auth_group_id FOREIGN KEY (group_id) REFERENCES public.auth_group(id) DEFERRABLE INITIALLY DEFERRED;


--
-- Name: auth_permission auth_permission_content_type_id_2f476e4b_fk_django_co; Type: FK CONSTRAINT; Schema: public; Owner: admin
--

ALTER TABLE ONLY public.auth_permission
    ADD CONSTRAINT auth_permission_content_type_id_2f476e4b_fk_django_co FOREIGN KEY (content_type_id) REFERENCES public.django_content_type(id) DEFERRABLE INITIALLY DEFERRED;


--
-- Name: django_admin_log django_admin_log_content_type_id_c4bce8eb_fk_django_co; Type: FK CONSTRAINT; Schema: public; Owner: admin
--

ALTER TABLE ONLY public.django_admin_log
    ADD CONSTRAINT django_admin_log_content_type_id_c4bce8eb_fk_django_co FOREIGN KEY (content_type_id) REFERENCES public.django_content_type(id) DEFERRABLE INITIALLY DEFERRED;


--
-- Name: django_admin_log django_admin_log_user_id_c564eba6_fk_morisite_user_id_user; Type: FK CONSTRAINT; Schema: public; Owner: admin
--

ALTER TABLE ONLY public.django_admin_log
    ADD CONSTRAINT django_admin_log_user_id_c564eba6_fk_morisite_user_id_user FOREIGN KEY (user_id) REFERENCES public.morisite_user(id_user) DEFERRABLE INITIALLY DEFERRED;


--
-- Name: knox_authtoken knox_authtoken_user_id_e5a5d899_fk_morisite_user_id_user; Type: FK CONSTRAINT; Schema: public; Owner: admin
--

ALTER TABLE ONLY public.knox_authtoken
    ADD CONSTRAINT knox_authtoken_user_id_e5a5d899_fk_morisite_user_id_user FOREIGN KEY (user_id) REFERENCES public.morisite_user(id_user) DEFERRABLE INITIALLY DEFERRED;


--
-- Name: morisite_album morisite_album_user_id_c34dc145_fk_morisite_user_id_user; Type: FK CONSTRAINT; Schema: public; Owner: admin
--

ALTER TABLE ONLY public.morisite_album
    ADD CONSTRAINT morisite_album_user_id_c34dc145_fk_morisite_user_id_user FOREIGN KEY (user_id) REFERENCES public.morisite_user(id_user) DEFERRABLE INITIALLY DEFERRED;


--
-- Name: morisite_avatar morisite_avatar_user_id_4d2e2a21_fk_morisite_user_id_user; Type: FK CONSTRAINT; Schema: public; Owner: admin
--

ALTER TABLE ONLY public.morisite_avatar
    ADD CONSTRAINT morisite_avatar_user_id_4d2e2a21_fk_morisite_user_id_user FOREIGN KEY (user_id) REFERENCES public.morisite_user(id_user) DEFERRABLE INITIALLY DEFERRED;


--
-- Name: morisite_comment morisite_comment_parent_comment_id_b3bdff74_fk_morisite_; Type: FK CONSTRAINT; Schema: public; Owner: admin
--

ALTER TABLE ONLY public.morisite_comment
    ADD CONSTRAINT morisite_comment_parent_comment_id_b3bdff74_fk_morisite_ FOREIGN KEY (parent_comment_id) REFERENCES public.morisite_comment(id_comment) DEFERRABLE INITIALLY DEFERRED;


--
-- Name: morisite_comment morisite_comment_photo_id_8cfadeea_fk_morisite_photo_id_photo; Type: FK CONSTRAINT; Schema: public; Owner: admin
--

ALTER TABLE ONLY public.morisite_comment
    ADD CONSTRAINT morisite_comment_photo_id_8cfadeea_fk_morisite_photo_id_photo FOREIGN KEY (photo_id) REFERENCES public.morisite_photo(id_photo) DEFERRABLE INITIALLY DEFERRED;


--
-- Name: morisite_comment morisite_comment_user_id_20880cab_fk_morisite_user_id_user; Type: FK CONSTRAINT; Schema: public; Owner: admin
--

ALTER TABLE ONLY public.morisite_comment
    ADD CONSTRAINT morisite_comment_user_id_20880cab_fk_morisite_user_id_user FOREIGN KEY (user_id) REFERENCES public.morisite_user(id_user) DEFERRABLE INITIALLY DEFERRED;


--
-- Name: morisite_favorite morisite_favorite_photo_id_8bf55378_fk_morisite_photo_id_photo; Type: FK CONSTRAINT; Schema: public; Owner: admin
--

ALTER TABLE ONLY public.morisite_favorite
    ADD CONSTRAINT morisite_favorite_photo_id_8bf55378_fk_morisite_photo_id_photo FOREIGN KEY (photo_id) REFERENCES public.morisite_photo(id_photo) DEFERRABLE INITIALLY DEFERRED;


--
-- Name: morisite_like morisite_like_photo_id_95befee0_fk_morisite_photo_id_photo; Type: FK CONSTRAINT; Schema: public; Owner: admin
--

ALTER TABLE ONLY public.morisite_like
    ADD CONSTRAINT morisite_like_photo_id_95befee0_fk_morisite_photo_id_photo FOREIGN KEY (photo_id) REFERENCES public.morisite_photo(id_photo) DEFERRABLE INITIALLY DEFERRED;


--
-- Name: morisite_like morisite_like_user_id_717239c3_fk_morisite_user_id_user; Type: FK CONSTRAINT; Schema: public; Owner: admin
--

ALTER TABLE ONLY public.morisite_like
    ADD CONSTRAINT morisite_like_user_id_717239c3_fk_morisite_user_id_user FOREIGN KEY (user_id) REFERENCES public.morisite_user(id_user) DEFERRABLE INITIALLY DEFERRED;


--
-- Name: morisite_notification morisite_notificatio_comment_id_5dab62ba_fk_morisite_; Type: FK CONSTRAINT; Schema: public; Owner: admin
--

ALTER TABLE ONLY public.morisite_notification
    ADD CONSTRAINT morisite_notificatio_comment_id_5dab62ba_fk_morisite_ FOREIGN KEY (comment_id) REFERENCES public.morisite_comment(id_comment) DEFERRABLE INITIALLY DEFERRED;


--
-- Name: morisite_notification morisite_notificatio_photo_id_cfde97ff_fk_morisite_; Type: FK CONSTRAINT; Schema: public; Owner: admin
--

ALTER TABLE ONLY public.morisite_notification
    ADD CONSTRAINT morisite_notificatio_photo_id_cfde97ff_fk_morisite_ FOREIGN KEY (photo_id) REFERENCES public.morisite_photo(id_photo) DEFERRABLE INITIALLY DEFERRED;


--
-- Name: morisite_notification morisite_notificatio_recipient_id_126e153a_fk_morisite_; Type: FK CONSTRAINT; Schema: public; Owner: admin
--

ALTER TABLE ONLY public.morisite_notification
    ADD CONSTRAINT morisite_notificatio_recipient_id_126e153a_fk_morisite_ FOREIGN KEY (recipient_id) REFERENCES public.morisite_user(id_user) DEFERRABLE INITIALLY DEFERRED;


--
-- Name: morisite_notification morisite_notificatio_sender_id_016fda30_fk_morisite_; Type: FK CONSTRAINT; Schema: public; Owner: admin
--

ALTER TABLE ONLY public.morisite_notification
    ADD CONSTRAINT morisite_notificatio_sender_id_016fda30_fk_morisite_ FOREIGN KEY (sender_id) REFERENCES public.morisite_user(id_user) DEFERRABLE INITIALLY DEFERRED;


--
-- Name: morisite_photo morisite_photo_album_id_f23e2713_fk_morisite_album_id_album; Type: FK CONSTRAINT; Schema: public; Owner: admin
--

ALTER TABLE ONLY public.morisite_photo
    ADD CONSTRAINT morisite_photo_album_id_f23e2713_fk_morisite_album_id_album FOREIGN KEY (album_id) REFERENCES public.morisite_album(id_album) DEFERRABLE INITIALLY DEFERRED;


--
-- Name: morisite_search_history morisite_search_hist_user_id_99a5cb0d_fk_morisite_; Type: FK CONSTRAINT; Schema: public; Owner: admin
--

ALTER TABLE ONLY public.morisite_search_history
    ADD CONSTRAINT morisite_search_hist_user_id_99a5cb0d_fk_morisite_ FOREIGN KEY (user_id) REFERENCES public.morisite_user(id_user) DEFERRABLE INITIALLY DEFERRED;


--
-- Name: morisite_trash morisite_trash_photo_id_c764868e_fk_morisite_photo_id_photo; Type: FK CONSTRAINT; Schema: public; Owner: admin
--

ALTER TABLE ONLY public.morisite_trash
    ADD CONSTRAINT morisite_trash_photo_id_c764868e_fk_morisite_photo_id_photo FOREIGN KEY (photo_id) REFERENCES public.morisite_photo(id_photo) DEFERRABLE INITIALLY DEFERRED;


--
-- Name: morisite_trash morisite_trash_user_id_7e6a7dac_fk_morisite_user_id_user; Type: FK CONSTRAINT; Schema: public; Owner: admin
--

ALTER TABLE ONLY public.morisite_trash
    ADD CONSTRAINT morisite_trash_user_id_7e6a7dac_fk_morisite_user_id_user FOREIGN KEY (user_id) REFERENCES public.morisite_user(id_user) DEFERRABLE INITIALLY DEFERRED;


--
-- Name: morisite_user_groups morisite_user_groups_group_id_847606b0_fk_auth_group_id; Type: FK CONSTRAINT; Schema: public; Owner: admin
--

ALTER TABLE ONLY public.morisite_user_groups
    ADD CONSTRAINT morisite_user_groups_group_id_847606b0_fk_auth_group_id FOREIGN KEY (group_id) REFERENCES public.auth_group(id) DEFERRABLE INITIALLY DEFERRED;


--
-- Name: morisite_user_groups morisite_user_groups_user_id_ec514cfd_fk_morisite_user_id_user; Type: FK CONSTRAINT; Schema: public; Owner: admin
--

ALTER TABLE ONLY public.morisite_user_groups
    ADD CONSTRAINT morisite_user_groups_user_id_ec514cfd_fk_morisite_user_id_user FOREIGN KEY (user_id) REFERENCES public.morisite_user(id_user) DEFERRABLE INITIALLY DEFERRED;


--
-- Name: morisite_user_user_permissions morisite_user_user_p_permission_id_85fabb28_fk_auth_perm; Type: FK CONSTRAINT; Schema: public; Owner: admin
--

ALTER TABLE ONLY public.morisite_user_user_permissions
    ADD CONSTRAINT morisite_user_user_p_permission_id_85fabb28_fk_auth_perm FOREIGN KEY (permission_id) REFERENCES public.auth_permission(id) DEFERRABLE INITIALLY DEFERRED;


--
-- Name: morisite_user_user_permissions morisite_user_user_p_user_id_fce9ba58_fk_morisite_; Type: FK CONSTRAINT; Schema: public; Owner: admin
--

ALTER TABLE ONLY public.morisite_user_user_permissions
    ADD CONSTRAINT morisite_user_user_p_user_id_fce9ba58_fk_morisite_ FOREIGN KEY (user_id) REFERENCES public.morisite_user(id_user) DEFERRABLE INITIALLY DEFERRED;


--
-- Name: socialaccount_socialtoken socialaccount_social_account_id_951f210e_fk_socialacc; Type: FK CONSTRAINT; Schema: public; Owner: admin
--

ALTER TABLE ONLY public.socialaccount_socialtoken
    ADD CONSTRAINT socialaccount_social_account_id_951f210e_fk_socialacc FOREIGN KEY (account_id) REFERENCES public.socialaccount_socialaccount(id) DEFERRABLE INITIALLY DEFERRED;


--
-- Name: socialaccount_socialtoken socialaccount_social_app_id_636a42d7_fk_socialacc; Type: FK CONSTRAINT; Schema: public; Owner: admin
--

ALTER TABLE ONLY public.socialaccount_socialtoken
    ADD CONSTRAINT socialaccount_social_app_id_636a42d7_fk_socialacc FOREIGN KEY (app_id) REFERENCES public.socialaccount_socialapp(id) DEFERRABLE INITIALLY DEFERRED;


--
-- Name: socialaccount_socialapp_sites socialaccount_social_site_id_2579dee5_fk_django_si; Type: FK CONSTRAINT; Schema: public; Owner: admin
--

ALTER TABLE ONLY public.socialaccount_socialapp_sites
    ADD CONSTRAINT socialaccount_social_site_id_2579dee5_fk_django_si FOREIGN KEY (site_id) REFERENCES public.django_site(id) DEFERRABLE INITIALLY DEFERRED;


--
-- Name: socialaccount_socialapp_sites socialaccount_social_socialapp_id_97fb6e7d_fk_socialacc; Type: FK CONSTRAINT; Schema: public; Owner: admin
--

ALTER TABLE ONLY public.socialaccount_socialapp_sites
    ADD CONSTRAINT socialaccount_social_socialapp_id_97fb6e7d_fk_socialacc FOREIGN KEY (socialapp_id) REFERENCES public.socialaccount_socialapp(id) DEFERRABLE INITIALLY DEFERRED;


--
-- Name: socialaccount_socialaccount socialaccount_social_user_id_8146e70c_fk_morisite_; Type: FK CONSTRAINT; Schema: public; Owner: admin
--

ALTER TABLE ONLY public.socialaccount_socialaccount
    ADD CONSTRAINT socialaccount_social_user_id_8146e70c_fk_morisite_ FOREIGN KEY (user_id) REFERENCES public.morisite_user(id_user) DEFERRABLE INITIALLY DEFERRED;
    